"codigo","indice","fecha","tmax","tmin","ts07","ts14","ts21","ts","th07","th14","th21","th","pvp07","pvp14","pvp21","pvp","hr07","hr14","hr21","hr","p07","p14","p21","pd","fray","ftea","ftee","fgra","fchu","prn07","prn14","prn21","prn","rd07","rd14","rd21","rd","sa07","sa14","sa21","sa","nub07","nub14","nub21","nub","vis07","vis14","vis21","es07","es14","es21","er07","er21","pa07","pa14","pa21","pa","evap","ls07","ls08","ls09","ls10","ls11","ls12","ls13","ls14","ls15","ls16","ls17","ls18","lsm","lst","ls","codcaptura","tosc","erd"
L-04_01052018,L-04,2018-05-01,33,21,21.4,31.4,25,25.7,21.2,24.4,22.6,22.7,18.777352,19.418608,19.361446,19.185802,98,56,82,79,3.8,0,0,13.3,20:30:00,20:30:00,,,,,,,,C ,N ,NW,N ,0,2,2,1.3,7,4,8,6.3,2.0,30.0,1.0,1,0,0,"1",.,,,,,,,,,,,,,,,,,,,,,L-0420185,12,1
L-04_02052018,L-04,2018-05-02,34,22.2,22.8,33.2,22.4,25.2,22.2,26.4,21.2,22.75,19.767385,22.411109,18.277352,20.151948,95,59,90,81,0,0,11.8,0,18:00:00,18:15:00,19:35:00,,,,,,,C ,N ,W ,N ,0,2,3,1.6,2,3,10,5.0,5.0,30.0,1.0,1,0,1,"0",.,,,,,,,,,,,,,,,,,,,,,L-0420185,11.8,1
L-04_03052018,L-04,2018-05-03,33,20,21.8,31.8,24.6,25.7,21.6,23.8,22.2,22.45,19.245745,18.107963,18.867385,18.740364,98,51,81,77,26.1,0,0,37.9,19:00:00,19:30:00,,,,,,,,C ,N ,NW,N ,0,2,2,1.3,7,4,6,5.6,5.0,30.0,1.0,1,0,0,"2",.,,,,,,,,,,,,,,,,,,,,,L-0420185,13,1
L-04_04052018,L-04,2018-05-04,33,21.5,23.2,32.2,25.2,26.45,22.8,25.4,23.2,23.65,20.612438,20.927394,20.322463,20.620765,97,58,85,80,15.2,0,0,15.2,01:30:00,01:30:00,,,,,,,,C ,NE,W ,NE,0,2,2,1.3,6,2,6,4.6,2.0,30.0,1.0,1,0,0,"0",.,,,,,,,,,,,,,,,,,,,,,L-0420185,11.5,1
L-04_05052018,L-04,2018-05-05,33,20.5,22,32.6,24,25.65,21.4,25.8,21.4,22.5,18.810294,21.511705,17.810294,19.377431,95,58,80,78,0,0,0,0,,,,,,,,,,N ,W ,W ,W ,2,2,2,2.0,3,4,5,4.0,2.0,30.0,1.0,1,0,0,"2",.,,,,,,,,,,,,,,,,,,,,,L-0420185,12.5,1
L-04_06052018,L-04,2018-05-06,33.5,19.5,20.4,31.6,24.2,25.1,20,24.2,22,22.05,17.331143,18.945558,18.724268,18.333656,96,54,83,78,0,0,0,0,,,,,,,,,,C ,NE,C ,C ,0,3,0,1.0,2,3,6,3.6,5.0,30.0,1.0,1,0,0,"2",.,,,,,,,,,,,,,,,,,,,,,L-0420185,14,1
L-04_07052018,L-04,2018-05-07,32,20.5,22.2,30.4,24.4,25.35,21.6,22.4,21.2,21.6,19.045745,16.313103,17.277352,17.5454,95,50,75,73,0,0,0,0,,,,,,,,,,C ,N ,NE,N ,0,2,2,1.3,6,8,4,6.0,5.0,30.0,1.0,0,0,0,"1",.,,,,,,,,,,,,,,,,,,,,,L-0420185,11.5,1
L-04_08052018,L-04,2018-05-08,31.5,19,20.8,29.2,24.2,24.6,19.8,24.4,21.8,21.95,16.815143,20.518608,18.383729,18.572493,91,68,81,80,0,0,0,0,,,,,,,,,,C ,W ,W ,W ,0,3,2,1.6,2,8,4,4.6,5.0,30.0,1.0,0,0,0,"0",.,,,,,,,,,,,,,,,,,,,,,L-0420185,12.5,1
L-04_09052018,L-04,2018-05-09,31.5,22,22.4,30.4,24.2,25.3,22,24.2,22,22.55,19.624268,19.545558,18.724268,19.298031,97,60,83,80,0,0,0,0,,,,,,,,,,C ,W ,W ,W ,0,4,2,2.0,3,6,4,4.3,5.0,30.0,1.0,1,0,0,"2",.,,,,,,,,,,,,,,,,,,,,,L-0420185,9.5,1
L-04_10052018,L-04,2018-05-10,31,18.5,21.6,28.6,24.2,24.65,21.2,24.4,22,22.4,18.677352,20.818608,18.724268,19.406742,97,71,83,84,12.2,0,0,12.2,04:30:00,,,,,,,,,C ,S ,NW,S ,0,2,2,1.3,9,7,6,7.3,2.0,30.0,1.0,1,0,0,"2",.,,,,,,,,,,,,,,,,,,,,,L-0420185,12.5,1
L-04_11052018,L-04,2018-05-11,32,21,21.8,31.2,24,25.25,21.4,24.2,21.4,22.1,18.910294,19.145558,17.810294,18.622048,97,56,80,78,12.9,0,0,12.9,10:30:00,11:00:00,,,,,,,,C ,NW,W ,NW,0,2,3,1.6,8,5,7,6.6,2.0,30.0,1.0,1,1,0,"2",.,,,,,,,,,,,,,,,,,,,,,L-0420185,11,1
L-04_12052018,L-04,2018-05-12,32.5,21.5,22,32.2,22.8,24.95,21.6,26.6,20.6,22.35,19.145745,23.317134,17.093357,19.852078,97,65,82,81,3.3,0,1,3.3,19:00:00,19:30:00,,,,,,,,NW,S ,C ,NW,2,3,0,1.6,9,3,10,7.3,2.0,30.0,1.0,1,0,1,"1","1",,,,,,,,,,,,,,,,,,,,,L-0420185,11,1
L-04_13052018,L-04,2018-05-13,32.5,21,22.6,31.6,22.6,24.85,22.2,27,20.2,22.4,19.867385,24.438681,16.549498,20.285188,97,70,80,82,1.3,0,11.7,2.3,,,17:55:00,,,,,,,C ,W ,NW,W ,0,3,2,1.6,4,6,9,6.3,2.0,30.0,1.0,1,0,2,"0",.,,,,,,,,,,,,,,,,,,,,,L-0420185,11.5,1
L-04_14052018,L-04,2018-05-14,32,21.5,22,30,24.2,25.1,21.6,24.2,22,22.45,19.145745,19.745558,18.724268,19.20519,97,62,83,81,0,0,0,11.7,,,,,,,,,,N ,E ,W ,N ,2,2,2,2.0,10,4,5,6.3,2.0,30.0,1.0,1,0,0,"0",.,,,,,,,,,,,,,,,,,,,,,L-0420185,10.5,1
L-04_15052018,L-04,2018-05-15,33,22.8,23.4,29.4,22.6,24.5,22.8,24.6,20.4,22.05,20.512438,20.794526,16.870229,19.392397,95,68,82,82,0,0,0.1,0,20:00:00,21:00:00,,,,,,,,N ,S ,C ,N ,2,3,0,1.6,6,7,10,7.6,2.0,30.0,1.0,1,0,1,"0","1",,,,,,,,,,,,,,,,,,,,,L-0420185,10.2,1
L-04_16052018,L-04,2018-05-16,33.5,21,22.4,31.4,23.2,25.05,22,26,21,22.5,19.624268,22.508422,17.546897,19.893195,97,65,82,81,0,0,1,0.1,18:00:00,18:30:00,,,,,,,,C ,S ,C ,C ,0,4,0,1.3,4,5,10,6.3,2.0,30.0,1.0,0,0,1,"0","1",,,,,,,,,,,,,,,,,,,,,L-0420185,12.5,1
L-04_27052018,L-04,2018-05-27,31,23,23.4,28.6,23.8,24.9,22.8,24,21.6,22.5,20.512438,20.075351,18.245745,19.611178,95,68,83,82,0,0,6.3,0,13:30:00,13:45:00,14:10:00,,,,,,,C ,E ,C ,C ,0,2,0,0.6,6,10,6,7.3,10.0,15.0,1.0,0,0,1,"0","0",,,,,,,,,,,,,,,,,,,,,L-0420185,8,1
L-04_17052018,L-04,2018-05-17,32.5,21,21.8,32.4,24.2,25.65,21.4,25.6,22,22.75,18.910294,21.218038,18.724268,19.617533,97,58,83,79,0.2,0,0,1.2,19:00:00,20:00:00,,,,,,,,N ,N ,W ,N ,2,2,2,2.0,10,6,10,8.6,0.5,30.0,0.5,1,0,0,"0","1",,,,,,,,,,,,,,,,,,,,,L-0420185,11.5,1
L-04_18052018,L-04,2018-05-18,31.5,21.5,22.2,30.2,24,25.1,21.8,25.6,21.6,22.65,19.383729,22.318038,18.145745,19.94917,97,69,81,82,15.2,0,0,15.2,19:30:00,,,,,,,,,C ,W ,C ,C ,0,3,0,1.0,9,7,6,7.3,1.0,15.0,1.0,1,0,0,"1",.,,,,,,,,,,,,,,,,,,,,,L-0420185,10,1
L-04_19052018,L-04,2018-05-19,31,20.5,22.6,30.8,23.6,25.15,22,26,21,22.5,19.524268,22.808422,17.346897,19.893195,95,68,79,81,0,0,0,0,,,,,,,,,,N ,W ,W ,W ,2,2,3,2.3,3,6,5,4.6,10.0,30.0,1.0,1,0,0,.,.,,,,,,,,,,,,,,,,,,,,,L-0420185,10.5,0
L-04_20052018,L-04,2018-05-20,32.5,22,22.2,31.8,22,24.5,21.8,25.8,19,21.4,19.383729,21.911705,14.97426,18.756564,97,62,76,78,2.2,0,26.8,2.2,01:00:00,01:30:00,20:10:00,,,,,,,N ,N ,C ,N ,2,2,0,1.3,7,6,10,7.6,1.0,30.0,1.0,1,0,2,"0","0",,,,,,,,,,,,,,,,,,,,,L-0420185,10.5,1
L-04_21052018,L-04,2018-05-21,31.5,20.5,21.2,30.4,24.8,25.3,21,25.8,22.4,22.9,18.546897,22.611705,19.113103,20.090568,98,69,81,83,0,0,0,26.8,,,,,,,,,,C ,W ,NW,W ,0,4,2,2.0,5,4,6,5.0,2.0,30.0,1.0,1,0,0,"2",.,,,,,,,,,,,,,,,,,,,,,L-0420185,11,1
L-04_22052018,L-04,2018-05-22,32,22,23,30.2,24,25.3,22.6,23.6,21.4,22.25,20.361446,18.543369,17.810294,18.905036,97,58,80,78,0,0,0,0,20:00:00,21:15:00,21:55:00,,,,,,,N ,N ,W ,N ,2,2,2,2.0,8,4,10,7.3,1.0,30.0,1.0,0,0,0,"0",.,,,,,,,,,,,,,,,,,,,,,L-0420185,10,1
L-04_23052018,L-04,2018-05-23,32,20.5,21.4,31.2,24.6,25.45,21,26.2,22.4,23,18.446897,23.008214,19.213103,20.222738,97,68,83,83,31.7,0,0,31.7,20:00:00,,,,,,,,,C ,W ,C ,C ,0,2,0,0.6,9,4,6,6.3,0.3,30.0,1.0,1,0,0,"2",.,,,,,,,,,,,,,,,,,,,,,L-0420185,11.5,1
L-04_28052018,L-04,2018-05-28,31.5,23.2,23.6,30.6,24.2,25.65,23,25.6,21.8,23.05,20.766102,22.118038,18.383729,20.422623,95,67,81,81,0,0,0,6.3,,,,,,,,,,NW,E ,C ,NW,2,2,0,1.3,10,3,5,6.0,1.0,30.0,1.0,1,0,0,"0",.,,,,,,,,,,,,,,,,,,,,,L-0420185,8.3,1
L-04_24052018,L-04,2018-05-24,31,22,22.4,27.8,23.2,24.15,22,24.6,21,22.15,19.624268,21.594526,17.546897,19.588563,97,77,82,85,4,0,0,4,03:00:00,03:30:00,,,,,,,,C ,S ,N ,S ,0,3,2,1.6,10,7,8,8.3,1.0,20.0,1.0,1,0,0,"2",.,,,,,,,,,,,,,,,,,,,,,L-0420185,9,1
L-04_25052018,L-04,2018-05-25,32,22.5,22.6,31,23.8,25.3,22,24.4,21.6,22.4,19.524268,19.618608,18.245745,19.12954,95,58,83,79,0.5,0,2.8,0.5,00:00:00,14:30:00,,,,,,,,E ,N ,C ,E ,2,2,0,1.3,8,6,8,7.3,15.0,30.0,1.0,1,0,1,"0","0",,,,,,,,,,,,,,,,,,,,,L-0420185,9.5,1
L-04_26052018,L-04,2018-05-26,30,22,22.6,29.6,24.2,25.15,22.2,24,21.8,22.45,19.867385,19.575351,18.383729,19.275488,97,63,81,80,0,0,0,2.8,,,,,,,,,,C ,C ,W ,C ,0,0,2,0.6,10,8,7,8.3,1.0,20.0,1.0,1,0,0,"0",.,,,,,,,,,,,,,,,,,,,,,L-0420185,8,1
L-04_29052018,L-04,2018-05-29,31,22,23,26.2,23.8,24.2,22.6,24.4,21.6,22.55,20.361446,22.018608,18.245745,20.208599,97,86,83,89,0,0,20.8,0,,13:30:00,14:00:00,,,,,,,C ,SW,C ,C ,0,2,0,0.6,6,10,6,7.3,5.0,1.0,1.0,0,1,1,"0","0",,,,,,,,,,,,,,,,,,,,,L-0420185,9,1
L-04_30052018,L-04,2018-05-30,32.5,21.5,22,31.4,24,25.35,21.4,25.4,21.8,22.6,18.810294,21.327394,18.483729,19.540472,95,62,83,80,0,0,9.5,20.8,16:00:00,16:30:00,16:55:00,,,,,,,C ,N ,C ,C ,0,2,0,0.6,7,8,10,8.3,5.0,30.0,1.0,1,0,1,"0","1",,,,,,,,,,,,,,,,,,,,,L-0420185,11,1
L-04_31052018,L-04,2018-05-31,29,22,23.2,27,21.8,23.45,23,24,19.4,21.45,20.966102,20.875351,15.69012,19.177191,98,78,80,85,2.5,0,4,12,18:30:00,19:30:00,19:25:00,,,,,,,N ,W ,N ,N ,2,2,3,2.3,6,10,10,8.6,2.0,30.0,1.0,1,0,2,"1","0",,,,,,,,,,,,,,,,,,,,,L-0420185,7,1
L-04_08062018,L-04,2018-06-08,30.5,20.5,22,29.6,23,24.4,21.6,23.8,20.4,21.55,19.145745,19.207963,16.670229,18.341312,97,62,79,79,27.4,0,0,27.4,20:30:00,,,,,,,,,NE,N ,NW,NE,2,2,2,2.0,6,5,8,6.3,2.0,30.0,1.0,1,0,0,"1",.,,,,,,,,,,,,,,,,,,,,,L-0420186,10,1
L-04_09062018,L-04,2018-06-09,30.5,21.5,22.4,29.8,21.8,23.95,22,26,19.8,21.9,19.624268,23.308422,16.315143,19.749277,97,74,83,85,0.5,0,15.1,0.5,17:00:00,17:00:00,,,,,,,,C ,NE,C ,C ,0,3,0,1.0,8,7,10,8.3,5.0,30.0,0.5,1,0,2,"0","0",,,,,,,,,,,,,,,,,,,,,L-0420186,9,1
L-04_01062018,L-04,2018-06-01,30,20.5,21.2,28.6,24.6,24.75,21,23.4,22.2,22.2,18.546897,18.981544,18.867385,18.798608,98,65,81,81,0.1,0,0,4.1,,,,,,,,,,C ,NE,C ,C ,0,2,0,0.6,9,7,5,7.0,1.0,30.0,1.0,1,0,0,"1",.,,,,,,,,,,,,,,,,,,,,,L-0420186,9.5,1
L-04_10062018,L-04,2018-06-10,30,21,21.2,29.6,24.2,24.8,21,23.6,22,22.15,18.546897,18.843369,18.724268,18.704844,98,61,83,81,0.8,0,0,15.9,,,,,,,,,,C ,C ,C ,C ,0,0,0,0.0,7,8,5,6.6,2.0,30.0,1.0,1,0,0,"1",.,,,,,,,,,,,,,,,,,,,,,L-0420186,9,1
L-04_02062018,L-04,2018-06-02,32,22,22.8,30.8,22.2,24.5,22.2,24.6,20,21.7,19.767385,20.094526,16.431143,18.764351,95,60,82,79,0,0,0.3,0,14:30:00,15:00:00,,,,,,,,C ,C ,C ,C ,0,0,0,0.0,3,9,6,6.0,1.0,30.0,1.0,1,0,0,"2","1",,,,,,,,,,,,,,,,,,,,,L-0420186,10,1
L-04_03062018,L-04,2018-06-03,30.5,20,21,29.6,22.8,24.05,20.6,24,20.6,21.45,17.993357,19.575351,17.093357,18.220688,96,63,82,80,0,0,0,0.3,,,,,,,,,,C ,NE,C ,C ,0,2,0,0.6,7,10,5,7.3,5.0,30.0,1.0,0,0,0,"0",.,,,,,,,,,,,,,,,,,,,,,L-0420186,10.5,1
L-04_04062018,L-04,2018-06-04,32.5,20.5,21.4,30.2,21.8,23.8,21.2,24.2,19.8,21.25,18.777352,19.645558,16.315143,18.246017,98,61,83,81,0,0,8.8,0,17:30:00,18:30:00,,,,,,,,C ,N ,C ,C ,0,2,0,0.6,4,7,9,6.6,2.0,30.0,1.0,0,0,1,"0","2",,,,,,,,,,,,,,,,,,,,,L-0420186,12,1
L-04_05062018,L-04,2018-06-05,32,21.5,22.2,29.8,22.8,24.4,22,24.4,20.8,22,19.724268,20.218608,17.418906,19.120594,98,64,84,82,0,0,4.2,8.8,19:30:00,19:45:00,21:45:00,,,,,,,C ,W ,NW,W ,0,2,2,1.3,4,7,10,7.0,5.0,30.0,0.5,1,0,1,"0","2",,,,,,,,,,,,,,,,,,,,,L-0420186,10.5,1
L-04_06062018,L-04,2018-06-06,30.5,21,21.2,29.2,21.6,23.4,21,24.6,19.6,21.2,18.546897,20.894526,16.101476,18.514299,98,69,83,83,17.1,0,6.7,21.3,19:45:00,20:00:00,20:45:00,,,,,,,C ,NE,NE,NE,0,2,3,1.6,9,5,10,8.0,2.0,30.0,0.5,1,0,1,"1","2",,,,,,,,,,,,,,,,,,,,,L-0420186,9.5,1
L-04_07062018,L-04,2018-06-07,28,21,21.8,27.2,24.6,24.55,21.4,24.4,22.6,22.75,18.910294,21.518608,19.561446,19.996782,97,80,84,87,9,0,0,15.7,20:00:00,21:30:00,21:50:00,,,,,,,N ,C ,C ,C ,2,0,0,0.6,7,10,9,8.6,2.0,25.0,1.0,1,0,0,"0",.,,,,,,,,,,,,,,,,,,,,,L-0420186,7,1
L-04_11062018,L-04,2018-06-11,31,21.5,21.8,26.6,22.8,23.5,21.4,24,19,20.85,18.910294,21.075351,14.57426,18.186635,97,81,70,83,0,0,0,0,13:00:00,,,,,,,,,C ,NW,NE,NW,0,2,2,1.3,2,7,6,5.0,5.0,30.0,1.0,0,0,0,"0",.,,,,,,,,,,,,,,,,,,,,,L-0420186,9.5,1
L-04_12062018,L-04,2018-06-12,29,21,22,24.4,23.2,23.2,21.6,23.2,21.4,21.9,19.145745,20.722463,18.210294,19.3595,97,90,85,91,0.1,12.3,6.9,0.1,13:00:00,13:30:00,,,,,,,,C ,SW,N ,SW,0,3,2,1.6,5,10,10,8.3,5.0,1.0,0.5,0,1,2,"0","2",,,,,,,,,,,,,,,,,,,,,L-0420186,8,1
L-04_13062018,L-04,2018-06-13,28.8,22.5,22.8,27,23.8,24.35,22.4,24.4,21.8,22.6,20.113103,21.618608,18.583729,20.105146,97,81,84,87,4.2,0,0.8,23.4,13:00:00,,,,,,,,,C ,W ,C ,C ,0,3,0,1.0,9,10,7,8.6,1.0,20.0,1.0,1,0,1,"1","0",,,,,,,,,,,,,,,,,,,,,L-0420186,6.3,1
L-04_14062018,L-04,2018-06-14,31.5,21.5,23.2,28.8,23.2,24.6,23,25.2,21.2,22.65,20.966102,22.239746,17.877352,20.361066,98,75,84,86,0,0,4.5,0.8,13:30:00,,,,,,,,,C ,W ,C ,C ,0,3,0,1.0,8,9,6,7.6,2.0,25.0,1.0,1,0,1,"0","0",,,,,,,,,,,,,,,,,,,,,L-0420186,10,1
L-04_15062018,L-04,2018-06-15,30.5,21.5,22,29.2,22.4,24,21.8,24.6,20.4,21.8,19.483729,20.894526,16.970229,19.116161,98,69,84,84,0,0,12.7,4.5,15:30:00,15:50:00,,,,,,,,NW,C ,C ,C ,2,0,0,0.6,5,7,10,7.3,10.0,30.0,0.3,1,0,1,"0","2",,,,,,,,,,,,,,,,,,,,,L-0420186,9,1
L-04_16062018,L-04,2018-06-16,27,21.5,21.8,25.8,24,23.9,21.6,23,21.8,22.05,19.245745,19.666102,18.483729,19.131858,98,79,83,87,0,0.3,0,12.7,,,,,,,,,,C ,C ,NW,C ,0,0,2,0.6,10,10,8,9.3,1.0,25.0,1.0,1,1,0,"1",.,,,,,,,,,,,,,,,,,,,,,L-0420186,5.5,1
L-04_17062018,L-04,2018-06-17,29,22,22.8,24.2,23.8,23.65,22.4,21.8,21.6,21.85,20.113103,18.383729,18.245745,18.914192,97,81,83,87,0,2.7,0,0.3,12:00:00,,,,,,,,,C ,W ,C ,C ,0,2,0,0.6,9,10,8,9.0,0.5,1.0,1.0,0,1,1,"0","0",,,,,,,,,,,,,,,,,,,,,L-0420186,7,1
L-04_18062018,L-04,2018-06-18,31.5,21,21.6,31,24,25.15,21.2,26.2,21.4,22.55,18.677352,23.108214,17.810294,19.865286,97,69,80,82,0,0,0.1,2.7,,,,,,,,,,N ,NW,C ,N ,2,3,0,1.6,4,7,8,6.3,5.0,30.0,1.0,1,0,0,"0","1",,,,,,,,,,,,,,,,,,,,,L-0420186,10.5,1
L-04_19062018,L-04,2018-06-19,31.5,21,21.4,31.4,24.2,25.3,21,25.4,22,22.6,18.446897,21.327394,18.724268,19.499519,97,62,83,81,0,0,1.8,0.1,15:30:00,,,,,,,,,C ,NE,NW,NE,0,2,2,1.3,9,5,7,7.0,5.0,30.0,1.0,0,0,1,"0","0",,,,,,,,,,,,,,,,,,,,,L-0420186,10.5,1
L-04_20062018,L-04,2018-06-20,30.5,20.5,21.2,25,23.2,23.15,20.8,23.8,21,21.65,18.218906,21.507963,17.546897,19.091255,97,91,82,90,0,7.5,0,1.8,12:00:00,,,,,,,,,C ,N ,C ,C ,0,2,0,0.6,8,9,6,7.6,10.0,20.0,1.0,1,1,1,"0","0",,,,,,,,,,,,,,,,,,,,,L-0420186,10,1
L-04_21062018,L-04,2018-06-21,26.5,20.5,21.6,26.2,23.4,23.65,21.4,23,21.2,21.7,19.010294,19.466102,17.777352,18.751249,98,76,82,85,0,0,0,7.5,,,,,,,,,,C ,C ,C ,C ,0,0,0,0.0,10,10,6,8.6,5.0,25.0,1.0,1,0,0,"0",.,,,,,,,,,,,,,,,,,,,,,L-0420186,6,1
L-04_22062018,L-04,2018-06-22,31,19.5,20.4,30,23.8,24.5,20,24,21.6,21.8,17.331143,19.375351,18.245745,18.317413,96,61,83,80,0,0,0,0,,,,,,,,,,C ,NE,NW,NE,0,2,2,1.3,3,7,3,4.3,15.0,30.0,1.0,0,0,0,"0",.,,,,,,,,,,,,,,,,,,,,,L-0420186,11.5,1
L-04_23062018,L-04,2018-06-23,32.5,19,22.4,31.8,24.8,25.95,21.6,27,22.6,23.45,18.945745,24.338681,19.461446,20.91529,93,69,83,82,0,0,0,0,,,,,,,,,,C ,SW,NW,SW,0,2,3,1.6,2,0,3,1.6,10.0,30.0,1.0,0,0,0,"0",.,,,,,,,,,,,,,,,,,,,,,L-0420186,13.5,1
L-04_24062018,L-04,2018-06-24,30,21,21.6,28.8,24.2,24.7,21,24.6,21.8,22.3,18.346897,21.094526,18.383729,19.27505,95,71,81,82,0.6,0,0,0.6,01:30:00,02:30:00,,,,,,,,C ,NE,C ,C ,0,2,0,0.6,7,4,6,5.6,20.0,30.0,1.0,1,0,0,"0",.,,,,,,,,,,,,,,,,,,,,,L-0420186,9,1
L-04_25062018,L-04,2018-06-25,32.5,21.5,22.2,30.6,25.6,26,21.8,25.8,23.4,23.6,19.383729,22.511705,20.481544,20.792326,97,68,83,83,2.3,0,0,2.3,02:45:00,,,,,,,,,C ,S ,C ,C ,0,2,0,0.6,4,6,4,4.6,10.0,30.0,1.0,1,0,0,"0",.,,,,,,,,,,,,,,,,,,,,,L-0420186,11,1
L-04_26062018,L-04,2018-06-26,32,22,22.6,30.2,20.8,23.6,22.4,25.4,19,21.45,20.213103,21.927394,15.57426,19.238252,98,68,85,84,0,0,21.7,0,16:00:00,16:00:00,16:10:00,,,,,,,C ,SW,C ,C ,0,2,0,0.6,7,4,9,6.6,2.0,30.0,1.0,0,0,1,"0","2",,,,,,,,,,,,,,,,,,,,,L-0420186,10,1
L-04_27062018,L-04,2018-06-27,30,20.2,21,29.2,21.2,23.15,20.6,24.2,19.2,20.8,17.993357,20.145558,15.681055,17.93999,96,66,83,82,0,0,4.2,21.7,17:45:00,17:30:00,,,,,,,,NW,NE,C ,NW,2,2,0,1.3,6,8,10,8.0,5.0,30.0,1.0,1,0,1,"0","2",,,,,,,,,,,,,,,,,,,,,L-0420186,9.8,1
L-04_28062018,L-04,2018-06-28,30.5,20,21,29.8,24.2,24.8,20.8,24,22.2,22.3,18.318906,19.475351,19.067385,18.95388,98,62,84,81,0.5,0,0,4.7,,,,,,,,,,C ,N ,C ,C ,0,2,0,0.6,7,5,6,6.0,5.0,30.0,1.0,1,0,0,"0",.,,,,,,,,,,,,,,,,,,,,,L-0420186,10.5,1
L-04_29062018,L-04,2018-06-29,32,20.5,21.2,31,24.8,25.45,21,22.8,22.4,22.15,18.546897,16.712438,19.113103,18.124146,98,50,81,76,0,0,0,0,,,,,,,,,,C ,N ,C ,C ,0,2,0,0.6,0,2,4,2.0,10.0,30.0,1.0,0,0,0,"0",.,,,,,,,,,,,,,,,,,,,,,L-0420186,11.5,1
L-04_30062018,L-04,2018-06-30,31.5,20.5,21,31.2,24.6,25.35,20.6,24,22.4,22.35,17.993357,18.775351,19.213103,18.660603,96,55,83,78,0,0,0,0,,,,,,,,,,C ,N ,NW,N ,0,3,4,2.3,5,3,5,4.3,5.0,30.0,1.0,0,0,0,"0",.,,,,,,,,,,,,,,,,,,,,,L-0420186,11,1
L-04_04092018,L-04,2018-09-04,32,21,21.2,31.4,23.8,25.05,21.2,24.4,21.8,22.3,18.877352,19.418608,18.583729,18.959896,100,56,84,80,4.5,0,0,4.5,,13:00:00,,,,,,,,C ,NW,C ,C ,0,2,0,0.6,5,8,5,6.0,4.0,30.0,1.0,1,0,0,"1",.,,,,,,,,,,,,,,,,,,,,,L-0420189,11,1
L-04_01092018,L-04,2018-09-01,31.5,19,19.8,27.2,23.8,23.65,19.6,23.8,21.8,21.75,17.001476,20.407963,18.583729,18.664389,98,75,84,86,4.5,0,0,4.5,,14:35:00,,,,,,,,C ,W ,C ,C ,0,2,0,0.6,5,9,8,7.3,0.6,25.0,1.0,1,0,0,"2",.,,,,,,,,,,,,,,,,,,,,,L-0420189,12.5,1
L-04_02092018,L-04,2018-09-02,33,20.8,21,32.2,22.6,24.6,20.8,25.2,20.6,21.8,18.318906,20.539746,17.193357,18.684003,98,57,84,80,32.7,0,9.5,32.7,17:00:00,16:50:00,,,00:15:00,,,,,SW,C ,C ,C ,1,0,0,0.3,9,8,10,9.0,0.8,30.0,0.1,1,0,1,"2","2",,,,,,,,,,,,,,,,,,,,,L-0420189,12.2,1
L-04_03092018,L-04,2018-09-03,32,21,21.6,30.4,24.2,25.1,21.4,24.8,22.2,22.65,19.010294,20.673338,19.067385,19.583672,98,63,84,82,0,0,0,9.5,,,,,19:12:00,,,,,N ,C ,C ,C ,1,0,0,0.3,4,6,7,5.6,5.0,30.0,1.0,1,0,0,"2",.,,,,,,,,,,,,,,,,,,,,,L-0420189,11,1
L-04_05092018,L-04,2018-09-05,32.2,20.5,21.2,31.4,21.6,23.95,21,24.8,19.8,21.35,18.546897,20.173338,16.415143,18.378459,98,59,85,81,2,0,11.5,2,00:20:00,15:30:00,,,,,,,,C ,N ,N ,N ,0,1,1,0.6,7,8,10,8.3,2.0,30.0,0.1,1,0,1,"1","2",,,,,,,,,,,,,,,,,,,,,L-0420189,11.7,1
L-04_06092018,L-04,2018-09-06,32.5,21,21.8,31.8,24.8,25.8,21.6,25.2,22.6,23,19.245745,20.739746,19.461446,19.815645,98,59,83,80,1.3,0,0,12.8,,,,,,,,,,C ,N ,W ,N ,0,1,2,1.0,7,5,6,6.0,2.0,30.0,1.0,1,0,0,"1",.,,,,,,,,,,,,,,,,,,,,,L-0420189,11.5,1
L-04_07092018,L-04,2018-09-07,32.5,21,23,32,24.8,26.15,22.8,24.8,22.4,23.1,20.712438,19.873338,19.113103,19.899626,98,56,81,78,0,0,0,0,21:45:00,21:50:00,,,21:50:00,,,,,NW,NE,NW,NW,1,2,3,2.0,7,4,8,6.3,2.0,30.0,1.0,0,0,0,"1",.,,,,,,,,,,,,,,,,,,,,,L-0420189,11.5,1
L-04_08092018,L-04,2018-09-08,30.5,20.5,21.4,30.2,23.8,24.8,21.2,24.6,21.6,22.25,18.777352,20.394526,18.245745,19.139207,98,63,83,81,52.9,0,0,52.9,00:30:00,,,,01:15:00,,,,,C ,C ,C ,C ,0,0,0,0.0,10,8,6,8.0,1.0,25.0,1.0,1,1,0,"2",.,,,,,,,,,,,,,,,,,,,,,L-0420189,10,1
L-04_09092018,L-04,2018-09-09,31.5,21,21.2,30.6,22,23.95,21,24.8,19.8,21.35,18.546897,20.573338,16.215143,18.445126,98,62,82,81,29.6,0,17.8,29.6,00:50:00,00:50:00,,,02:05:00,,,,,E ,N ,C ,E ,1,1,0,0.6,9,8,10,9.0,0.7,30.0,0.1,1,0,1,"2","2",,,,,,,,,,,,,,,,,,,,,L-0420189,10.5,1
L-04_10092018,L-04,2018-09-10,31,20.2,20.4,29.8,23.8,24.45,20.4,25.2,21.6,22.2,17.970229,21.739746,18.245745,19.318573,100,69,83,84,3.4,0,16.5,21.2,13:55:00,,,,14:55:00,,,,,C ,W ,C ,C ,0,1,0,0.3,10,7,8,8.3,0.4,30.0,1.0,1,0,1,"2","1",,,,,,,,,,,,,,,,,,,,,L-0420189,10.8,1
L-04_11092018,L-04,2018-09-11,32,21,21.6,31.6,24.4,25.5,21.6,26.4,22,23,19.345745,23.211109,18.624268,20.393707,100,67,81,83,0,0,0.6,16.5,13:45:00,13:50:00,,,,,,,,C ,W ,W ,W ,0,2,1,1.0,8,8,6,7.3,0.5,30.0,1.0,1,0,0,"2",.,,,,,,,,,,,,,,,,,,,,,L-0420189,11,1
L-04_12092018,L-04,2018-09-12,31,21.2,21.8,29.4,24.2,24.9,21.6,25.6,20,21.8,19.245745,22.718038,15.431143,19.131642,98,74,68,80,0,0,0,0.6,,,,,,,,,,W ,W ,C ,W ,1,2,0,1.0,7,7,6,6.6,2.0,30.0,1.0,0,0,0,"1",.,,,,,,,,,,,,,,,,,,,,,L-0420189,9.8,1
L-04_13092018,L-04,2018-09-13,32,20.5,21.2,31.6,24.4,25.4,21,26,22.4,22.95,18.546897,22.408422,19.313103,20.089474,98,64,84,82,0,0,0,0,,,,,,,,,,C ,NW,C ,C ,0,1,0,0.3,6,5,6,5.6,2.0,30.0,1.0,0,0,0,"0",.,,,,,,,,,,,,,,,,,,,,,L-0420189,11.5,1
L-04_14092018,L-04,2018-09-14,32,22.5,23,31.6,24.8,26.05,22.6,25.6,22.6,23.35,20.361446,21.618038,19.461446,20.48031,97,62,83,81,0,0,0,0,,,,,,,,,,C ,N ,N ,N ,0,2,1,1.0,7,7,8,7.3,5.0,30.0,1.0,0,0,0,"0",.,,,,,,,,,,,,,,,,,,,,,L-0420189,9.5,1
L-04_15092018,L-04,2018-09-15,29.5,22,22.4,27.8,20.8,22.95,22.2,23.8,18.8,20.9,19.967385,20.107963,15.269713,18.448353,98,72,83,84,0,0,10.7,0,19:30:00,19:30:00,,,20:00:00,,,,,C ,E ,N ,E ,0,2,1,1.0,10,9,10,9.6,1.0,30.0,0.4,0,0,1,"0","2",,,,,,,,,,,,,,,,,,,,,L-0420189,7.5,1
L-04_16092018,L-04,2018-09-16,32,20.2,21,31.8,23.8,25.1,20.8,25.8,21.8,22.55,18.318906,21.911705,18.583729,19.60478,98,62,84,81,14.1,0,10.4,24.8,18:00:00,,,,,,,,,C ,N ,C ,C ,0,2,0,0.6,5,6,10,7.0,1.0,30.0,0.2,1,0,1,"2","2",,,,,,,,,,,,,,,,,,,,,L-0420189,11.8,1
L-04_17092018,L-04,2018-09-17,32.5,20.5,23.4,32.4,25,26.45,23,25.4,22.8,23.5,20.866102,20.827394,19.712438,20.468644,97,57,83,79,2.4,0,0,12.8,04:50:00,,,,,,,,,N ,N ,C ,N ,1,1,0,0.6,6,4,4,4.6,1.0,30.0,1.0,1,0,0,"2",.,,,,,,,,,,,,,,,,,,,,,L-0420189,12,1
L-04_18092018,L-04,2018-09-18,32.5,21.5,21.8,32.2,24.8,25.9,21.6,24,22.6,22.7,19.245745,18.275351,19.461446,18.99418,98,51,83,77,0,0,0,0,,,,,,,,,,C ,E ,C ,C ,0,2,0,0.6,6,5,4,5.0,5.0,30.0,1.0,0,0,0,"0",.,,,,,,,,,,,,,,,,,,,,,L-0420189,11,1
L-04_19092018,L-04,2018-09-19,32.8,22,22.4,32.6,23.2,25.35,22,25,21.2,22.35,19.624268,19.95507,17.877352,19.15223,97,54,84,78,0,0,0,0,,,,,,,,,,C ,NE,C ,C ,0,1,0,0.3,5,6,5,5.3,5.0,30.0,1.0,0,0,0,"0",.,,,,,,,,,,,,,,,,,,,,,L-0420189,10.8,1
L-04_20092018,L-04,2018-09-20,32,21.5,21.8,29.4,20.6,23.1,21.6,25.4,18.8,21.15,19.245745,22.327394,15.369713,18.98095,98,73,84,85,1.4,0,10.8,1.4,00:00:00,13:30:00,,,,,,,,C ,C ,C ,C ,0,0,0,0.0,4,9,10,7.6,7.0,30.0,0.1,0,0,1,"0","2",,,,,,,,,,,,,,,,,,,,,L-0420189,10.5,1
L-04_21092018,L-04,2018-09-21,32.2,19.5,20,32.2,20.2,23.15,19.8,25.2,18.2,20.35,17.215143,20.539746,14.669357,17.474748,98,57,83,79,1.3,0,52.8,12.1,18:20:00,18:50:00,,,19:25:00,,,,,C ,NE,N ,NE,0,1,1,0.6,6,7,10,7.6,2.0,30.0,0.1,1,0,1,"2","2",,,,,,,,,,,,,,,,,,,,,L-0420189,12.7,1
L-04_22092018,L-04,2018-09-22,32,19.5,20.4,32,23.8,25,20.2,25.2,21.6,22.15,17.649498,20.639746,18.245745,18.844996,98,58,83,80,7.1,0,0,59.9,22:25:00,22:30:00,,,22:00:00,,,,,C ,N ,N ,N ,0,1,0,0.3,6,7,8,7.0,2.0,30.0,1.0,1,0,0,"2",.,,,,,,,,,,,,,,,,,,,,,L-0420189,12.5,1
L-04_23092018,L-04,2018-09-23,30.2,20.5,21,30.2,22.8,24.2,20.8,24.2,20.6,21.55,18.318906,19.645558,17.093357,18.352607,98,61,82,80,33.6,0,26.9,33.6,15:15:00,15:20:00,,,15:50:00,,,,,C ,NE,C ,C ,0,1,0,0.3,7,8,10,8.3,4.0,30.0,0.7,1,0,1,"2","2",,,,,,,,,,,,,,,,,,,,,L-0420189,9.7,1
L-04_24092018,L-04,2018-09-24,32.5,22,22.2,32.2,21.2,24.2,22,25.2,19.4,21.5,19.724268,20.539746,15.99012,18.751378,98,57,85,80,2.6,0,29.8,29.5,15:45:00,15:45:00,,,16:20:00,,,,,C ,N ,C ,C ,0,1,0,0.3,8,7,9,8.0,0.8,30.0,0.4,1,0,1,"2","2",,,,,,,,,,,,,,,,,,,,,L-0420189,10.5,1
L-04_25092018,L-04,2018-09-25,32,20.5,20.5,31.4,20.8,23.375,20.2,24.4,18.8,20.55,17.599498,19.418608,15.269713,17.429273,97,56,83,79,0,0,0.3,29.8,19:30:00,20:10:00,,,21:00:00,,,,,C ,NE,NE,NE,0,2,7,3.0,3,5,10,6.0,0.5,30.0,0.1,1,0,1,"2","2",,,,,,,,,,,,,,,,,,,,,L-0420189,11.5,1
L-04_26092018,L-04,2018-09-26,29.5,20,20.4,29,23.2,23.95,20.2,23.4,21.2,21.5,17.649498,18.781544,17.877352,18.102798,98,63,84,82,24.4,0,0,24.7,20:35:00,,,,,,,,,C ,N ,N ,N ,0,1,1,0.6,8,7,9,8.0,2.0,30.0,0.8,1,0,0,"2",.,,,,,,,,,,,,,,,,,,,,,L-0420189,9.5,1
L-04_27092018,L-04,2018-09-27,30,20.5,20.8,25,22.8,22.85,20.6,22.6,20.6,21.1,18.093357,19.361446,17.093357,18.18272,98,82,82,87,14.5,0,0,14.5,,,,,,,,,,C ,NW,C ,C ,0,1,0,0.3,9,9,6,8.0,1.0,30.0,1.0,1,0,0,"2",.,,,,,,,,,,,,,,,,,,,,,L-0420189,9.5,1
L-04_28092018,L-04,2018-09-28,32,21,21.2,30.8,23.8,24.9,21,23.8,21.6,22,18.546897,18.607963,18.245745,18.466868,98,56,83,79,2.6,0,0,2.6,,,,,,,,,,C ,N ,C ,C ,0,1,0,0.3,5,6,6,5.6,0.7,30.0,1.0,1,0,0,"2",.,,,,,,,,,,,,,,,,,,,,,L-0420189,11,1
L-04_29092018,L-04,2018-09-29,32.2,21.5,21.8,29.8,22.2,24,21.6,22.8,20,21.1,19.245745,17.312438,16.431143,17.663108,98,55,82,78,11.8,0,18.2,11.8,00:10:00,18:20:00,,,18:50:00,,,,,C ,NE,C ,C ,0,1,0,0.3,6,5,9,6.6,5.0,30.0,0.5,1,0,1,"2","2",,,,,,,,,,,,,,,,,,,,,L-0420189,10.7,1
L-04_30092018,L-04,2018-09-30,31,21.8,21.8,30.8,24.8,25.55,21.4,24.6,22.4,22.7,18.910294,20.094526,19.113103,19.372641,97,60,81,79,0,0,0,18.2,,,,,,,,,,C ,C ,C ,C ,0,0,0,0.0,5,8,5,6.0,2.0,30.0,1.0,1,0,0,"2",.,,,,,,,,,,,,,,,,,,,,,L-0420189,9.2,1
L-04_01122018,L-04,2018-12-01,32,17,17.4,28.6,23.6,23.3,17.2,23.4,21.4,20.85,14.611831,18.981544,18.010294,17.201223,98,65,82,82,0,0,0,0,,,,,,,,,,C ,C ,W ,C ,0,0,2,0.6,2,8,3,4.3,8.0,30.0,1.0,0,0,0,"0",.,,,,,,,,,,,,,,,,,,,,,L-04201812,15,1
L-04_02122018,L-04,2018-12-02,31.5,17.2,17.2,29.4,22.8,23.05,17,23.6,20.8,20.55,14.426607,18.943369,17.418906,16.929627,98,62,84,81,0,0,0,0,,,,,,,,,,C ,NE,W ,NE,0,2,1,1.0,0,4,0,1.3,2.0,30.0,1.0,0,0,0,"0",.,,,,,,,,,,,,,,,,,,,,,L-04201812,14.3,1
L-04_03122018,L-04,2018-12-03,31.5,16.5,18.8,30.4,23.6,24.1,18.8,24,21.4,21.4,16.269713,19.175351,18.010294,17.818452,100,59,82,80,0,0,0,0,,,,,,,,,,C ,NW,W ,NW,0,1,1,0.6,1,6,4,3.6,0.3,30.0,1.0,0,0,0,"0",.,,,,,,,,,,,,,,,,,,,,,L-04201812,15,1
L-04_04122018,L-04,2018-12-04,33.5,20.5,20.6,33,24.8,25.8,20.2,24.2,22.6,22.4,17.549498,18.245558,19.461446,18.418834,96,48,83,76,0.3,0,0,0.3,,,,,,,,,,C ,N ,C ,C ,0,1,0,0.3,5,7,4,5.3,4.0,30.0,1.0,0,0,0,"0",.,,,,,,,,,,,,,,,,,,,,,L-04201812,13,1
L-04_05122018,L-04,2018-12-05,33,18,18,32.2,22.6,23.85,17.8,22,19.4,19.65,15.179987,14.724268,15.29012,15.064791,98,41,74,71,0,0,0,0,,,,,,,,,,C ,NE,C ,C ,0,4,0,1.3,0,3,0,1.0,5.0,30.0,1.0,0,0,0,"0",.,,,,,,,,,,,,,,,,,,,,,L-04201812,15,1
L-04_06122018,L-04,2018-12-06,31.5,17.5,18,30.2,22.4,23.25,17.2,21.8,19.2,19.35,14.311831,15.383729,15.081055,14.925538,92,48,74,71,0,0,0,0,,,,,,,,,,C ,NE,C ,C ,0,2,0,0.6,0,4,0,1.3,10.0,30.0,1.0,0,0,0,"0",.,,,,,,,,,,,,,,,,,,,,,L-04201812,14,1
L-04_07122018,L-04,2018-12-07,32.5,16,16.4,31.8,23.2,23.65,16,22,20.2,19.6,13.430825,14.924268,16.249498,14.868197,96,42,76,71,0,0,0,0,,,,,,,,,,N ,N ,N ,N ,1,2,1,1.3,0,1,0,0.3,5.0,30.0,1.0,0,0,0,"0",.,,,,,,,,,,,,,,,,,,,,,L-04201812,16.5,1
L-04_08122018,L-04,2018-12-08,32.5,17.5,17.6,30.8,23,23.6,17.2,22.8,19.8,19.9,14.511831,16.812438,15.715143,15.679804,96,50,75,74,0,0,0,0,,,,,,,,,,N ,NE,W ,N ,1,2,1,1.3,3,3,0,2.0,3.0,30.0,1.0,0,0,0,.,.,,,,,,,,,,,,,,,,,,,,,L-04201812,15,0
L-04_09122018,L-04,2018-12-09,32.8,17.5,18,31.4,22.8,23.75,17.8,23.2,20.8,20.65,15.179987,17.222463,17.418906,16.607118,98,50,84,77,0,0,0,0,,,,,,,,,,C ,NE,C ,C ,0,2,0,0.6,0,4,0,1.3,2.0,30.0,1.0,0,0,0,"0",.,,,,,,,,,,,,,,,,,,,,,L-04201812,15.3,1
L-04_10122018,L-04,2018-12-10,32.2,17,17.2,31,23.2,23.65,16.6,22.4,19.6,19.55,13.862284,16.013103,15.301476,15.058954,94,48,72,71,0,0,0,0,,,,,,,,,,C ,NE,N ,NE,0,4,1,1.6,0,4,0,1.3,2.0,30.0,1.0,0,0,0,"0",.,,,,,,,,,,,,,,,,,,,,,L-04201812,15.2,1
L-04_11122018,L-04,2018-12-11,28.5,18.8,19.2,27,20.2,21.65,17,19.2,16.6,17.35,13.426607,12.781055,12.362284,12.856648,80,48,70,66,0,0,0,0,,,,,,,,,,NE,NE,NE,NE,2,6,3,3.6,0,1,0,0.3,10.0,30.0,1.0,0,0,0,"0",.,,,,,,,,,,,,,,,,,,,,,L-04201812,9.7,1
L-04_12122018,L-04,2018-12-12,30,15.5,15.8,29.4,21.2,21.9,14.8,22,18.8,18.6,12.120156,16.124268,15.069713,14.438045,90,52,80,74,0,0,0,0,,,,,,,,,,C ,N ,C ,C ,0,3,0,1.0,0,2,0,0.6,10.0,30.0,1.0,0,0,0,.,.,,,,,,,,,,,,,,,,,,,,,L-04201812,14.5,0
L-04_13122018,L-04,2018-12-13,32.6,16,16.2,31.6,21.6,22.75,16,24.4,19.6,19.9,13.530825,19.318608,16.101476,16.316969,98,55,83,79,0,0,0,0,,,,,,,,,,C ,N ,W ,N ,0,1,1,0.6,4,5,0,3.0,2.0,30.0,1.0,0,0,0,"0",.,,,,,,,,,,,,,,,,,,,,,L-04201812,16.6,1
L-04_14122018,L-04,2018-12-14,31.5,16.5,16.8,30.8,21.8,22.8,16.6,23,19.6,19.7,14.062284,17.166102,16.001476,15.743287,98,52,82,77,0,0,0,0,,,,,,,,,,W ,NE,C ,W ,1,1,0,0.6,0,4,0,1.3,2.0,30.0,1.0,0,0,0,"0",.,,,,,,,,,,,,,,,,,,,,,L-04201812,15,1
L-04_15122018,L-04,2018-12-15,29.2,16.4,16.6,27.6,18.8,20.45,16.4,20.6,15.8,17.15,13.883147,14.693357,11.957604,13.511369,98,53,73,75,0,0,0,0,,,,,,,,,,NW,NE,N ,NW,1,4,1,2.0,0,3,0,1.0,5.0,30.0,1.0,0,0,0,.,.,,,,,,,,,,,,,,,,,,,,,L-04201812,12.8,0
L-04_16122018,L-04,2018-12-16,28.2,14.5,15,28.2,18.6,20.1,14.6,20.6,15.4,16.5,12.258271,14.393357,11.516948,12.722858,96,50,72,73,0,0,0,0,,,,,,,,,,N ,NW,NE,N ,1,5,1,2.3,2,4,0,2.0,5.0,30.0,1.0,0,0,0,"0",.,,,,,,,,,,,,,,,,,,,,,L-04201812,13.7,1
L-04_17122018,L-04,2018-12-17,29,14,14.8,28.6,20.2,20.95,14,21,17.2,17.35,11.583506,14.846897,13.211831,13.214078,92,51,74,72,0,0,0,0,,,,,,,,,,C ,N ,C ,C ,0,3,0,1.0,4,5,0,3.0,5.0,30.0,1.0,0,0,0,.,.,,,,,,,,,,,,,,,,,,,,,L-04201812,15,0
L-04_18122018,L-04,2018-12-18,31.2,15,15.2,30.2,19.8,21.25,14.8,22.2,17.4,17.95,12.420156,16.067385,13.699123,14.062221,96,50,79,75,0,0,0,0,,,,,,,,,,N ,NW,C ,N ,1,1,0,0.6,1,5,0,2.0,2.0,30.0,1.0,0,0,0,.,.,,,,,,,,,,,,,,,,,,,,,L-04201812,16.2,0
L-04_19122018,L-04,2018-12-19,32,15.4,15.6,31,20.8,22.05,15,23,18.8,18.9,12.483885,17.066102,15.269713,14.9399,94,51,83,76,0,0,0,0,,,,,,,,,,NW,SE,C ,NW,2,2,0,1.3,0,4,0,1.3,1.0,30.0,1.0,0,0,0,"1",.,,,,,,,,,,,,,,,,,,,,,L-04201812,16.6,1
L-04_20122018,L-04,2018-12-20,32,15.5,15.6,31.4,22.8,23.15,15.4,23.6,20.4,19.95,13.016948,17.943369,16.770229,15.910182,98,52,81,77,0,0,0,0,,,,,,,,,,C ,NW,W ,NW,0,2,2,1.3,5,4,6,5.0,2.0,30.0,1.0,0,0,0,"0",.,,,,,,,,,,,,,,,,,,,,,L-04201812,16.5,1
L-04_21122018,L-04,2018-12-21,29,15.2,16.8,28.6,17.8,20.25,16.6,18.2,13.6,15.5,14.062284,10.469357,9.575897,11.369179,98,36,63,66,0,0,0,0,,,,,,,,,,W ,NE,N ,W ,1,3,1,1.6,0,1,3,1.3,1.0,30.0,1.0,0,0,0,"0",.,,,,,,,,,,,,,,,,,,,,,L-04201812,13.8,1
L-04_22122018,L-04,2018-12-22,30,13.2,13.6,29,20.8,21.05,12.6,19.4,17.4,16.7,10.437037,12.09012,13.199123,11.90876,89,40,72,67,0,0,0,0,,,,,,,,,,C ,N ,W ,N ,0,3,1,1.3,3,2,0,1.6,2.0,30.0,1.0,0,0,0,"0",.,,,,,,,,,,,,,,,,,,,,,L-04201812,16.8,1
L-04_23122018,L-04,2018-12-23,31.5,13,14.6,29.6,23.2,22.65,14.4,22,19.6,18.9,12.198213,16.024268,15.301476,14.507985,98,52,72,74,0,0,0,0,,,,,,,,,,C ,NE,NE,NE,0,3,1,1.3,0,3,0,1.0,2.0,30.0,1.0,0,0,0,"0",.,,,,,,,,,,,,,,,,,,,,,L-04201812,18.5,1
L-04_24122018,L-04,2018-12-24,31,16.4,16.4,28.8,22.4,22.5,16,21,19.4,18.95,13.430825,14.746897,15.39012,14.522614,96,50,76,74,0,0,0,0,,,,,,,,,,N ,NE,E ,N ,1,3,1,1.6,0,3,2,1.6,1.0,30.0,1.0,0,0,0,"0",.,,,,,,,,,,,,,,,,,,,,,L-04201812,14.6,1
L-04_25122018,L-04,2018-12-25,32,16.5,16.6,29.4,22.8,22.9,16.2,21.6,19.2,19.05,13.606,15.445745,14.881055,14.644266,96,50,72,73,0,0,0,0,,,,,,,,,,N ,NE,N ,N ,1,4,1,2.0,2,5,2,3.0,2.0,30.0,1.0,0,0,0,"0",.,,,,,,,,,,,,,,,,,,,,,L-04201812,15.5,1
L-04_26122018,L-04,2018-12-26,32.8,15.6,16,31.8,21.8,22.85,15.4,24.2,19.8,19.8,12.816948,18.845558,16.315143,15.992549,94,53,83,77,0,0,0,0,,,,,,,,,,N ,N ,NW,N ,1,2,1,1.3,3,1,5,3.0,1.0,30.0,1.0,0,0,0,.,.,,,,,,,,,,,,,,,,,,,,,L-04201812,17.2,0
L-04_27122018,L-04,2018-12-27,32.2,16.5,16.8,30.2,21.8,22.65,16.6,22.8,19.8,19.75,14.062284,17.112438,16.315143,15.829955,98,53,83,78,0,0,0,0,,,,,,,,,,NW,NW,NW,NW,1,2,1,1.3,0,4,4,2.6,1.0,30.0,1.0,0,0,0,"0",.,,,,,,,,,,,,,,,,,,,,,L-04201812,15.7,1
L-04_28122018,L-04,2018-12-28,32.5,17,17,31.2,23.2,23.65,16.6,23.6,20.8,20.45,13.962284,18.043369,17.218906,16.408186,96,53,81,77,0,0,0,0,,,,,,,,,,C ,N ,W ,N ,0,1,1,0.6,0,5,3,2.6,0.5,30.0,1.0,0,0,0,"0",.,,,,,,,,,,,,,,,,,,,,,L-04201812,15.5,1
L-04_29122018,L-04,2018-12-29,32,17.5,17.8,30.6,23.6,23.9,17.6,22.8,20.8,20.5,14.988502,16.912438,17.018906,16.306615,98,51,78,76,0,0,0,0,,,,,,,,,,W ,NE,C ,W ,1,3,0,1.3,0,3,0,1.0,0.4,30.0,1.0,0,0,0,"0",.,,,,,,,,,,,,,,,,,,,,,L-04201812,14.5,1
L-04_30122018,L-04,2018-12-30,33.8,17,17.4,32.2,19.8,22.3,17,24.2,16.8,18.7,14.326607,18.645558,12.843431,15.271865,96,52,74,74,0,0,0,0,,,,,,,,,,NW,NE,NW,NW,2,3,1,2.0,0,5,0,1.6,2.0,30.0,1.0,0,0,0,"1",.,,,,,,,,,,,,,,,,,,,,,L-04201812,16.8,1
L-04_31122018,L-04,2018-12-31,33.5,15.5,15.5,31.8,22.8,23.225,15,24.2,20.4,20,12.533885,18.845558,16.770229,16.04989,95,53,81,76,0,0,0,0,,,,,,,,,,NW,E ,NW,NW,1,3,1,1.6,0,5,0,1.6,2.0,30.0,1.0,0,0,0,"0",.,,,,,,,,,,,,,,,,,,,,,L-04201812,18,1
L-04_01062019,L-04,2019-06-01,30.5,22.4,22.6,29.6,25.2,25.65,22.2,25.2,22.8,23.25,19.867385,21.839746,19.612438,20.439856,97,70,82,83,0.4,0,0,0.9,,,,,,,,,,C ,W ,NW,W ,0,1,1,0.6,9,8,7,8.0,1.0,20.0,1.0,1,0,0,"0",.,,,,,,,,,,,,,,,,,,,,,L-0420196,8.1,1
L-04_03062019,L-04,2019-06-03,31,21.5,22.6,26.2,25.4,24.9,22.4,24.6,22.4,22.95,20.213103,22.394526,18.813103,20.473577,98,88,77,88,0,0.5,0,4.9,13:40:00,,,,,,,,,NW,SE,C ,NW,1,1,0,0.6,5,10,7,7.3,0.5,2.0,0.7,0,0,1,"1","0",,,,,,,,,,,,,,,,,,,,,L-0420196,9.5,1
L-04_04062019,L-04,2019-06-04,33.4,23.2,23.8,31.2,25.8,26.65,23.4,25.8,23.4,24,21.381544,22.211705,20.381544,21.324931,97,65,82,81,0.4,0,0,0.9,,,,,,,,,,C ,W ,NW,W ,0,1,1,0.6,5,3,6,4.6,0.6,30.0,1.0,1,0,0,"0",.,,,,,,,,,,,,,,,,,,,,,L-0420196,10.2,1
L-04_06062019,L-04,2019-06-06,33.2,21,22,32.4,26.8,27,21.8,26.8,24.6,24.45,19.483729,23.626316,22.094526,21.734857,98,65,84,82,0,0,0.4,0,,,,,,,,,,C ,S ,C ,C ,0,1,0,0.3,1,6,8,5.0,2.0,30.0,1.0,0,0,0,.,"0",,,,,,,,,,,,,,,,,,,,,L-0420196,12.2,1
L-04_07062019,L-04,2019-06-07,31.5,23.5,23.8,31.5,25.8,26.725,23,26.6,22.6,23.7,20.666102,23.667134,18.961446,21.098227,93,68,76,79,0,0,0,0.4,,,,,,,,,,NW,W ,NW,NW,1,2,3,2.0,4,5,1,3.3,1.0,30.0,1.0,1,0,0,"0",.,,,,,,,,,,,,,,,,,,,,,L-0420196,8,1
L-04_08062019,L-04,2019-06-08,32.5,23.4,23.6,32.2,25.6,26.75,23.2,26.8,23.2,24.1,21.122463,23.726316,20.122463,21.65708,97,66,82,82,0.6,0,0,0.6,,,,,,,,,,C ,W ,W ,W ,0,1,1,0.6,5,7,6,6.0,1.0,30.0,1.0,1,0,0,"0",.,,,,,,,,,,,,,,,,,,,,,L-0420196,9.1,1
L-04_10062019,L-04,2019-06-10,33,23.5,23.2,31.4,24.6,25.95,23,24.6,22,22.9,20.966102,19.794526,18.524268,19.761632,98,57,80,78,0,0,0,1.8,19:40:00,19:00:00,,,,,,,,C ,N ,NW,N ,0,1,2,1.0,10,5,8,7.6,0.2,30.0,1.0,1,0,0,"0",.,,,,,,,,,,,,,,,,,,,,,L-0420196,9.5,1
L-04_11062019,L-04,2019-06-11,33.5,21.4,22,32.4,21.8,24.5,21.6,25,19.8,21.55,19.145745,20.05507,16.315143,18.505319,97,55,83,78,0,0,5.5,0,,,,,,,,,,NW,NE,NE,NE,1,1,1,1.0,3,5,9,5.6,2.0,30.0,0.1,0,0,1,"0","1",,,,,,,,,,,,,,,,,,,,,L-0420196,12.1,1
L-04_12062019,L-04,2019-06-12,33.2,20.5,21.2,32,24.8,25.7,21,25,22.8,22.9,18.546897,20.25507,19.812438,19.538135,98,57,84,80,0,0,9.8,5.5,15:35:00,15:30:00,,,,,,,,N ,N ,S ,N ,1,1,1,1.0,6,3,7,5.3,0.2,30.0,0.1,1,0,1,"0","1",,,,,,,,,,,,,,,,,,,,,L-0420196,12.7,1
L-04_15062019,L-04,2019-06-15,34,22.6,23,32.6,26.8,27.3,22.8,26,24.4,24.4,20.712438,21.908422,21.718608,21.446489,98,59,82,80,0,0,0,0,,,,,,,,,,W ,NE,NW,W ,1,1,1,1.0,5,5,2,4.0,2.0,30.0,1.0,0,0,0,"0",.,,,,,,,,,,,,,,,,,,,,,L-0420196,11.4,1
L-04_14062019,L-04,2019-06-14,32.5,21.8,22.2,30.6,25.8,26.1,21.8,24.4,23.4,23.25,19.383729,19.818608,20.381544,19.861293,97,60,82,80,0,0,0,5,,,,,,,,,,NW,E ,NW,NW,1,1,1,1.0,5,6,3,4.6,0.8,30.0,1.0,1,0,0,"0",.,,,,,,,,,,,,,,,,,,,,,L-0420196,10.7,1
L-04_02062019,L-04,2019-06-02,32.4,21.6,22,31.8,25.2,26.05,21.6,26,23.2,23.5,19.145745,22.308422,20.322463,20.59221,97,63,85,82,0,4.4,0.5,0,,,,,,,,,,C ,E ,NW,E ,0,1,1,0.6,6,10,6,7.3,1.0,0.6,1.0,0,1,1,"0","0",,,,,,,,,,,,,,,,,,,,,L-0420196,10.8,1
L-04_05062019,L-04,2019-06-05,33,23,23.2,30.2,25.6,26.15,22.8,25.6,23.2,23.7,20.612438,22.318038,20.122463,21.017646,97,69,82,83,0,0,0,0,,,,,,,,,,C ,SW,NW,SW,0,2,1,1.0,8,8,7,7.6,1.0,25.0,1.0,0,0,0,"0",.,,,,,,,,,,,,,,,,,,,,,L-0420196,10,1
L-04_09062019,L-04,2019-06-09,32,22.5,22.6,29.6,24.8,25.45,22.4,25.6,22.6,23.3,20.213103,22.618038,19.461446,20.764195,98,73,83,85,5.7,0,1.8,5.7,16:45:00,,,,,,,,,C ,SW,C ,C ,0,1,0,0.3,1,7,6,4.6,0.8,30.0,0.2,1,0,1,"1","0",,,,,,,,,,,,,,,,,,,,,L-0420196,9.5,1
L-04_13062019,L-04,2019-06-13,27.5,22.5,23,24.8,24.2,24.05,22.8,23.8,22,22.65,20.712438,21.607963,18.724268,20.348223,98,92,83,91,0.7,5,0,10.5,,,,,,,,,,N ,C ,C ,C ,1,0,0,0.3,8,10,5,7.6,0.6,0.1,1.0,1,1,1,"0","0",,,,,,,,,,,,,,,,,,,,,L-0420196,5,1
L-04_16062019,L-04,2019-06-16,34.5,22,22.8,33,26.8,27.35,22.2,26.2,24.4,24.3,19.767385,22.108214,21.718608,21.198069,95,59,82,79,0,0,0,0,22:00:00,,,,23:20:00,,,,,C ,NE,NW,NE,0,1,1,0.6,4,5,7,5.3,2.0,30.0,1.0,0,0,0,.,.,,,,,,,,,,,,,,,,,,,,,L-0420196,12.5,0
L-04_17062019,L-04,2019-06-17,32.8,22.5,22.8,31.4,26.6,26.85,22.6,25.6,24,24.05,20.461446,21.718038,21.075351,21.084945,98,63,81,81,15.7,0,0,15.7,,,,,,,,,,C ,NE,NW,NE,0,1,1,0.6,6,2,4,4.0,1.0,30.0,1.0,1,0,0,"0",.,,,,,,,,,,,,,,,,,,,,,L-0420196,10.3,1
L-04_18062019,L-04,2019-06-18,34.5,23.5,23.4,33.2,27.2,27.75,23.2,24.6,24.4,24.15,21.222463,18.894526,21.518608,20.545199,98,50,80,76,0,0,0,0,,,,,,,,,,C ,NW,NW,NW,0,1,1,0.6,0,3,4,2.3,2.0,30.0,1.0,0,0,0,"0",.,,,,,,,,,,,,,,,,,,,,,L-0420196,11,1
L-04_19062019,L-04,2019-06-19,35,24.2,24.8,33.6,27.8,28.5,24.4,26,25.2,25.2,22.718608,21.408422,22.739746,22.288925,97,55,81,78,0,0,0,0,20:10:00,,,,,,,,,C ,NW,W ,NW,0,1,1,0.6,0,2,7,3.0,5.0,30.0,1.0,0,0,0,"0",.,,,,,,,,,,,,,,,,,,,,,L-0420196,10.8,1
L-04_20062019,L-04,2019-06-20,34,21.2,22.2,32.8,22.8,25.15,22,26.2,20.8,22.45,19.724268,22.208214,17.418906,19.783796,98,60,84,81,57.8,0,1.9,57.8,16:00:00,,,,00:00:00,,,,,C ,NE,C ,C ,0,1,0,0.3,10,7,8,8.3,0.5,30.0,0.2,1,0,1,"1","0",,,,,,,,,,,,,,,,,,,,,L-0420196,12.8,1
L-04_21062019,L-04,2019-06-21,33,21,21.6,31.8,24.8,25.75,21.4,25.8,22.8,23.2,19.010294,21.911705,19.812438,20.244812,98,62,84,81,0.6,0,5.6,2.5,16:30:00,,,,,,,,,C ,NW,C ,C ,0,1,0,0.3,5,5,8,6.0,0.5,30.0,0.1,1,0,1,"0","0",,,,,,,,,,,,,,,,,,,,,L-0420196,12,1
L-04_22062019,L-04,2019-06-22,32.2,22,22.4,30.4,25.8,26.1,22.4,25.4,23.4,23.65,20.313103,21.827394,20.381544,20.84068,100,67,82,83,0.3,0.2,1.7,5.9,,,,,,,,,,C ,SW,SW,SW,0,1,7,2.6,9,8,2,6.3,2.0,20.0,0.2,1,0,1,"0","0",,,,,,,,,,,,,,,,,,,,,L-0420196,10.2,1
L-04_24062019,L-04,2019-06-24,32.5,21.2,21.8,31.6,25.8,26.25,21.8,24.2,23.4,23.2,19.583729,18.945558,20.381544,19.636943,100,54,82,79,0,0,0,0,,,,,,,,,,C ,N ,C ,C ,0,1,0,0.3,6,3,4,4.3,0.1,30.0,1.0,0,0,0,"0",.,,,,,,,,,,,,,,,,,,,,,L-0420196,11.3,1
L-04_23062019,L-04,2019-06-23,33,23,23.6,31.4,26.2,26.85,23,25,23.6,23.8,20.766102,20.55507,20.543369,20.621513,95,60,81,79,0,0,0,1.9,,,,,,,,,,NW,NE,NW,NW,1,2,1,1.3,6,5,5,5.3,2.0,30.0,1.0,1,0,0,"0",.,,,,,,,,,,,,,,,,,,,,,L-0420196,10,1
L-04_26062019,L-04,2019-06-26,32.5,20.5,21,31,22.2,24.1,20.8,24.4,20,21.3,18.318906,19.618608,16.431143,18.122885,98,58,82,79,15.7,0,0,21.9,16:35:00,,,,,,,,,N ,NE,C ,N ,1,1,0,0.6,7,4,5,5.3,5.0,30.0,0.1,1,0,1,"0","2",,,,,,,,,,,,,,,,,,,,,L-0420196,12,1
L-04_25062019,L-04,2019-06-25,33.5,21,21.6,32.4,22.2,24.6,21.2,26.2,20.2,21.95,18.677352,22.408214,16.749498,19.278354,97,61,83,80,0,0,6.2,0,19:00:00,,,,,,,,,W ,N ,NE,W ,1,1,5,2.3,0,3,10,4.3,5.0,30.0,0.1,0,0,1,"0",.,,,,,,,,,,,,,,,,,,,,,L-0420196,12.5,1
L-04_27062019,L-04,2019-06-27,32.5,20.4,21,31.8,25.8,26.1,21,25.4,22.8,23,18.646897,21.127394,19.312438,19.695576,100,60,78,79,0.2,0,0,0.2,,,,,,,,,,C ,N ,C ,C ,0,1,0,0.3,2,3,5,3.3,5.0,2.0,30.0,1,1,0,"0",.,,,,,,,,,,,,,,,,,,,,,L-0420196,12.1,1
L-04_28062019,L-04,2019-06-28,32.5,20.5,21.2,31.8,25.2,25.85,21,24.6,21.6,22.2,18.546897,19.594526,17.545745,18.562389,98,56,73,76,0,0,0,0,,,,,,,,,,C ,N ,C ,C ,0,1,0,0.3,0,4,6,3.3,2.0,30.0,1.0,0,0,0,"0",.,,,,,,,,,,,,,,,,,,,,,L-0420196,12,1
L-04_29062019,L-04,2019-06-29,31.5,20.2,20.6,30.4,25.8,25.65,20,24.4,23,22.6,17.231143,19.918608,19.666102,18.938617,95,61,79,78,0,0,0,0,,,,,,,,,,C ,N ,N ,N ,0,1,1,0.6,7,5,5,5.6,5.0,30.0,1.0,0,0,0,"0",.,,,,,,,,,,,,,,,,,,,,,L-0420196,11.3,1
L-04_30062019,L-04,2019-06-30,33.3,22,22.6,32,22.8,25.05,22.2,25.6,20.6,22.25,19.867385,21.418038,17.093357,19.459593,97,60,82,80,0.9,0,6,0.9,,,,,,,,,,C ,NE,C ,C ,0,1,0,0.3,2,5,10,5.6,2.0,30.0,0.1,0,0,1,"0","0",,,,,,,,,,,,,,,,,,,,,L-0420196,11.3,1
L-04_13052019,L-04,2019-05-13,33.5,22.8,23.6,29.6,26.2,26.4,23.2,24.4,23.2,23.5,21.122463,20.318608,19.822463,20.421178,97,65,78,80,0,0,0,0,23:10:00,,,,,,,,,NW,SW,NW,NW,1,1,1,1.0,5,7,6,6.0,0.6,25.0,1.0,0,0,0,"0",.,,,,,,,,,,,,,,,,,,,,,L-0420195,10.7,1
L-04_14052019,L-04,2019-05-14,32,23.6,24,31,26.4,26.95,23.6,26,23.8,24.3,21.643369,22.708422,20.807963,21.719918,97,67,81,82,2.2,0,0,2.2,,,,,,,,,,NW,NW,NW,NW,1,2,1,1.3,9,7,6,7.3,0.3,25.0,1.0,1,0,0,"1",.,,,,,,,,,,,,,,,,,,,,,L-0420195,8.4,1
L-04_15052019,L-04,2019-05-15,32.2,23,23.8,31.4,26.2,26.9,23.2,25.2,22.8,23.5,21.022463,20.939746,19.112438,20.358215,95,61,75,77,0,0,0,0,22:15:00,23:00:00,,,,,,,,NW,C ,NW,NW,1,0,2,1.0,9,10,9,9.3,0.3,25.0,1.0,0,0,0,.,.,,,,,,,,,,,,,,,,,,,,,L-0420195,9.2,0
L-04_16052019,L-04,2019-05-16,34,22.2,22.6,33,20.6,24.2,22.4,26,19,21.6,20.213103,21.708422,15.67426,19.198595,98,58,86,81,3.8,0,39.2,3.8,19:20:00,19:00:00,20:15:00,,,,,,,C ,W ,NW,W ,0,1,1,0.6,10,7,10,9.0,0.2,30.0,0.1,1,0,1,"0","2",,,,,,,,,,,,,,,,,,,,,L-0420195,11.8,1
L-04_17052019,L-04,2019-05-17,32,20.6,21.6,30.8,23.8,25,21.4,25.2,21.2,22.25,19.010294,21.239746,17.577352,19.275797,98,64,80,81,0.4,0,0.2,39.6,20:30:00,12:45:00,,,,,,,,C ,NW,NE,NW,0,1,6,2.3,4,8,10,7.3,0.3,20.0,0.5,1,0,0,"0",.,,,,,,,,,,,,,,,,,,,,,L-0420195,11.4,1
L-04_18052019,L-04,2019-05-18,29.5,21,21.2,28.6,24.2,24.55,21.2,23,21.8,21.95,18.877352,18.266102,18.383729,18.509061,100,62,81,81,6.6,0,0,6.8,,,,,,,,,,NE,C ,C ,C ,1,0,0,0.3,10,9,7,8.6,0.1,20.0,0.2,1,0,0,"1",.,,,,,,,,,,,,,,,,,,,,,L-0420195,8.5,1
L-04_19052019,L-04,2019-05-19,32,21,21.4,32,24.6,25.65,21.2,25.8,22.4,22.95,18.777352,21.811705,19.213103,19.934053,98,61,83,81,0,0,0,0,20:35:00,,,,,,,,,C ,NE,NW,NE,0,1,1,0.6,4,8,6,6.0,0.8,25.0,1.0,0,0,0,"0",.,,,,,,,,,,,,,,,,,,,,,L-0420195,11,1
L-04_20052019,L-04,2019-05-20,33.5,22,22.2,31.8,23.2,25.1,21.8,24.8,21.2,22.25,19.383729,19.973338,17.877352,19.078139,97,57,84,79,0,0,13.3,0,14:40:00,,,,,,,,,N ,W ,C ,N ,1,1,0,0.6,5,8,5,6.0,1.0,30.0,0.1,0,0,1,"0","0",,,,,,,,,,,,,,,,,,,,,L-0420195,11.5,1
L-04_21052019,L-04,2019-05-21,32.5,21.5,22,31.4,25.2,25.95,21.6,26.6,23.2,23.65,19.145745,23.717134,20.322463,21.06178,97,69,85,84,0,0,0,13.3,,,,,,,,,,NW,W ,NW,NW,1,1,2,1.3,4,9,9,7.3,1.0,30.0,1.0,1,0,0,"0","1",,,,,,,,,,,,,,,,,,,,,L-0420195,11,1
L-04_22052019,L-04,2019-05-22,32,23,23.4,29.2,23.8,25.05,22.6,25.6,21.8,22.95,20.161446,22.818038,18.583729,20.521071,93,75,84,84,0,0,6.6,0,14:20:00,,,,,,,,,NW,W ,C ,NW,2,3,0,1.6,6,8,10,8.0,2.0,20.0,0.1,1,0,2,"2","2",,,,,,,,,,,,,,,,,,,,,L-0420195,9,1
L-04_23052019,L-04,2019-05-23,33.6,22,22.6,31.8,30.4,28.8,22.4,25.4,26,24.95,20.213103,21.127394,23.008422,21.449639,98,60,71,76,0.7,0,4,7.3,18:30:00,18:45:00,,,,,,,,C ,NW,NW,NW,0,1,1,0.6,4,4,10,6.0,0.2,30.0,0.1,1,0,1,"1","2",,,,,,,,,,,,,,,,,,,,,L-0420195,11.6,1
L-04_24052019,L-04,2019-05-24,29.5,22.2,22.2,28.8,25.6,25.55,21.8,24.6,22.2,22.7,19.383729,21.094526,18.367385,19.615213,97,71,75,81,31.2,0,0.2,35.2,22:10:00,00:30:00,,,,,,,,C ,NE,NW,NE,0,1,1,0.6,9,10,8,9.0,0.4,20.0,0.5,1,0,0,"1","0",,,,,,,,,,,,,,,,,,,,,L-0420195,7.3,1
L-04_25052019,L-04,2019-05-25,32.5,22.5,22.8,31.6,25.2,26.2,22.4,25.4,22.8,23.35,20.113103,21.227394,19.612438,20.317645,97,61,82,80,2,0,0,2.2,,,,,,,,,,NW,NW,NW,NW,1,2,1,1.3,6,6,4,5.3,1.0,20.0,1.0,1,0,0,"0",.,,,,,,,,,,,,,,,,,,,,,L-0420195,10,1
L-04_01052019,L-04,2019-05-01,36,20.6,22.2,34.2,25.2,26.7,21.8,24.8,23,23.15,19.383729,18.773338,19.966102,19.374389,97,47,83,76,31.4,0,3.2,31.8,19:30:00,,,,,,,,,C ,N ,W ,N ,0,1,1,0.6,8,7,10,8.3,0.5,30.0,0.1,1,0,1,"2","1",,,,,,,,,,,,,,,,,,,,,L-0420195,15.4,1
L-04_02052019,L-04,2019-05-02,33.4,21.5,22,32.2,25.6,26.35,21.8,24.4,23,23.05,19.483729,19.018608,19.766102,19.422813,98,53,80,77,4,0,0,7.2,00:00:00,,,,,,,,,S ,SW,NW,S ,1,1,1,1.0,8,7,5,6.6,0.6,30.0,1.0,1,0,0,"1",.,,,,,,,,,,,,,,,,,,,,,L-0420195,11.9,1
L-04_03052019,L-04,2019-05-03,35,22.5,22.6,33.2,21.2,24.55,22.2,25,18.8,21.2,19.867385,19.65507,15.069713,18.197389,97,52,80,76,0,0,0,0,,,,,,,,,,N ,W ,NE,N ,1,1,3,1.6,4,6,10,6.6,0.8,30.0,1.0,0,0,0,.,.,,,,,,,,,,,,,,,,,,,,,L-0420195,12.5,0
L-04_04052019,L-04,2019-05-04,33.5,20.5,20.8,32,26.2,26.3,20.4,24.6,23.2,22.85,17.770229,19.494526,19.822463,19.029072,96,55,78,76,3.4,0,0,3.4,00:00:00,,,,,,,,,C ,W ,NW,W ,0,1,1,0.6,9,7,7,7.6,1.0,20.0,1.0,1,0,0,"0",.,,,,,,,,,,,,,,,,,,,,,L-0420195,13,1
L-04_05052019,L-04,2019-05-05,35,23.6,24,33.4,26.8,27.75,23,25,24,24,20.566102,19.55507,20.975351,20.365507,92,51,79,74,0,0,0,0,,,,,,,,,,NW,SW,NW,NW,1,3,2,2.0,7,5,5,5.6,1.0,30.0,1.0,0,0,1,.,.,,,,,,,,,,,,,,,,,,,,,L-0420195,11.4,0
L-04_06052019,L-04,2019-05-06,35.5,23.5,23.8,32.4,26.8,27.45,23,26.4,24.2,24.45,20.666102,22.811109,21.345558,21.607589,93,63,81,79,0,0,0,0,21:30:00,22:45:00,23:20:00,,,,,,,C ,W ,NW,W ,0,1,1,0.6,6,8,7,7.0,1.0,28.0,1.0,0,0,0,.,.,,,,,,,,,,,,,,,,,,,,,L-0420195,12,0
L-04_07052019,L-04,2019-05-07,34,20.2,21.4,33,26.6,26.9,21.2,25.6,24.2,23.8,18.777352,20.918038,21.445558,20.380316,98,55,82,78,51,0,0.3,51,,,00:00:00,,,,,,,NW,NE,W ,NW,1,1,1,1.0,4,8,9,7.0,0.5,25.0,1.0,1,0,0,"0",.,,,,,,,,,,,,,,,,,,,,,L-0420195,13.8,1
L-04_08052019,L-04,2019-05-08,33,23.5,24.2,32,26.4,27.25,23.8,26,23.6,24.25,21.907963,22.208422,20.443369,21.519918,97,62,79,79,0,0,0,0.3,,,,,,,,,,N ,W ,W ,W ,1,1,1,1.0,5,8,6,6.3,0.6,25.0,1.0,0,0,0,"0",.,,,,,,,,,,,,,,,,,,,,,L-0420195,9.5,1
L-04_09052019,L-04,2019-05-09,34,23,23.4,32.8,26.8,27.45,22.8,26,23.6,24,20.512438,21.808422,20.243369,20.854743,95,58,77,77,0,0,0,0,,,,,,,,,,C ,SW,W ,SW,0,2,1,1.0,6,6,8,6.6,1.0,30.0,1.0,0,0,0,"0",.,,,,,,,,,,,,,,,,,,,,,L-0420195,11,1
L-04_10052019,L-04,2019-05-10,33.4,23.4,24.4,32.2,25.6,26.95,23.2,25.4,23.4,23.85,20.722463,20.927394,20.481544,20.710467,90,58,83,77,0,0,0,0,,,,,,,,,,N ,SW,W ,N ,1,1,1,1.0,9,7,6,7.3,1.0,30.0,1.0,0,0,0,"0",.,,,,,,,,,,,,,,,,,,,,,L-0420195,10,1
L-04_11052019,L-04,2019-05-11,31,22,22.6,28.4,25.2,25.35,22,23.4,22.2,22.45,19.524268,19.081544,18.567385,19.057732,95,66,77,79,0,0,0,0,,,,,,,,,,N ,SW,C ,N ,1,1,0,0.6,3,8,7,6.0,0.7,20.0,7.0,0,0,0,"0",.,,,,,,,,,,,,,,,,,,,,,L-0420195,9,1
L-04_12052019,L-04,2019-05-12,33.6,21.4,21.6,32.4,25.8,26.4,21.4,25.6,23.4,23.45,19.010294,21.218038,20.381544,20.203292,98,58,82,79,0,0,0,0,,,,,,,,,,NW,S ,NW,NW,1,2,1,1.3,2,8,7,5.6,0.8,20.0,1.0,0,0,0,.,.,,,,,,,,,,,,,,,,,,,,,L-0420195,12.2,0
L-04_26052019,L-04,2019-05-26,33.5,21.5,22.2,32,23.8,25.45,21.2,24.8,21.6,22.3,18.377352,19.873338,18.245745,18.832145,92,56,83,77,0,0,2.6,0,18:40:00,,,,,,,,,NW,N ,C ,NW,1,1,0,0.6,2,6,8,5.3,5.0,30.0,0.1,0,0,1,.,"0",,,,,,,,,,,,,,,,,,,,,L-0420195,12,1
L-04_27052019,L-04,2019-05-27,33.2,21.4,21.8,32.2,22.6,24.8,21.6,25.4,20.6,22.05,19.245745,20.927394,17.193357,19.122165,98,58,84,80,0.4,0,7.7,3,17:30:00,,,,,,,,,C ,NW,C ,C ,0,1,0,0.3,1,4,10,5.0,2.0,30.0,0.1,1,0,1,"0",.,,,,,,,,,,,,,,,,,,,,,L-0420195,11.8,1
L-04_28052019,L-04,2019-05-28,31,21.5,21.8,29.8,23.8,24.8,21.6,25.4,21.8,22.65,19.245745,22.127394,18.583729,19.985622,98,70,84,84,2.7,0,14.1,10.4,,,,,,,,,,NW,W ,W ,W ,1,1,1,1.0,5,8,7,6.6,0.3,20.0,0.1,1,0,1,"1","1",,,,,,,,,,,,,,,,,,,,,L-0420195,9.5,1
L-04_29052019,L-04,2019-05-29,27.6,22,22.6,26.4,23.6,24.05,22.2,24.2,21.4,22.3,19.867385,21.545558,18.010294,19.807745,97,83,82,87,0,0.1,0,14.1,,,,,,,,,,C ,W ,W ,W ,0,1,1,0.6,9,10,7,8.6,0.4,20.0,1.0,1,0,0,"0",.,,,,,,,,,,,,,,,,,,,,,L-0420195,5.6,1
L-04_30052019,L-04,2019-05-30,26.2,21.6,22,25.4,23.2,23.45,21.6,23.8,21.4,22.05,19.145745,21.307963,18.210294,19.554667,97,88,85,90,1.3,1.3,1.9,1.4,,,,,,,,,,NW,W ,C ,NW,1,1,0,0.6,7,10,10,9.0,2.0,0.5,0.1,1,1,1,"0","1",,,,,,,,,,,,,,,,,,,,,L-0420195,4.6,1
L-04_31052019,L-04,2019-05-31,29.5,21,22.6,28,24.2,24.75,22,24.4,21.8,22.5,19.524268,21.118608,18.383729,19.675535,95,74,81,83,1.4,0,0.5,4.6,,,,,,,,,,N ,SW,C ,N ,1,1,0,0.6,6,8,6,6.6,1.0,25.0,1.0,1,0,1,"0","0",,,,,,,,,,,,,,,,,,,,,L-0420195,8.5,1
L-04_17092019,L-04,2019-09-17,30,21.5,22,28.6,24.2,24.75,21.8,24.6,21.6,22.4,19.483729,21.194526,18.045745,19.574666,98,72,80,83,20.9,0.5,5.3,20.9,,,,,,,,,,C ,NE,NW,NE,0,1,1,0.6,8,9,8,8.3,0.5,20.0,0.1,1,0,1,"0","0",,,,,,,,,,,,,,,,,,,,,L-0420199,8.5,1
L-04_18092019,L-04,2019-09-18,32.8,21.5,22,32,25.8,26.4,21.8,26.2,23.6,23.8,19.483729,22.608214,20.743369,20.945104,98,63,83,81,0,0,2.3,5.8,02:24:00,,,,,,,,,C ,NW,W ,NW,0,1,1,0.6,4,2,9,5.0,1.0,30.0,0.1,1,0,1,"0","0",,,,,,,,,,,,,,,,,,,,,L-0420199,11.3,1
L-04_16092019,L-04,2019-09-16,30,20.5,21,29,25.6,25.3,20.8,24.6,23.2,22.95,18.318906,20.994526,20.122463,19.811965,98,70,82,83,15.4,0,0,15.4,21:35:00,,,,,,,,,C ,NE,C ,C ,0,2,0,0.6,7,8,7,7.3,0.7,20.0,1.0,1,0,0,"0",.,,,,,,,,,,,,,,,,,,,,,L-0420199,9.5,1
L-04_19092019,L-04,2019-09-19,33,22.2,22.6,32,25.6,26.45,22.4,25.2,23.4,23.6,20.213103,20.639746,20.481544,20.444797,98,58,83,80,0,0,0,2.3,,,,,,,,,,NW,N ,NW,NW,1,1,1,1.0,4,2,6,4.0,0.7,30.0,1.0,1,0,0,"0",.,,,,,,,,,,,,,,,,,,,,,L-0420199,10.8,1
L-04_11092019,L-04,2019-09-11,31,20.2,21,29.6,25.2,25.25,20.8,24.4,22.8,22.7,18.318906,20.318608,19.612438,19.41665,98,65,82,82,36.2,0,0,36.2,21:30:00,,,,,,,,,C ,E ,NW,E ,0,1,1,0.6,6,7,7,6.6,1.0,0.0,0.0,0,0,0,"0",.,,,,,,,,,,,,,,,,,,,,,L-0420199,10.8,1
L-04_01092019,L-04,2019-09-01,32.5,20.5,21,30.2,25.6,25.6,20.8,25.8,25.6,24.45,18.318906,22.711705,24.618038,21.882883,98,71,100,90,7.3,0,0,7.3,,,,,,,,,,N ,S ,W ,N ,1,1,1,1.0,7,6,8,7.0,1.0,30.0,1.0,1,0,0,"0",.,,,,,,,,,,,,,,,,,,,,,L-0420199,12,1
L-04_02092019,L-04,2019-09-02,33.2,21.6,22.2,32.6,25.8,26.6,22,25.8,23.4,23.65,19.724268,21.511705,20.381544,20.539172,98,58,82,79,0.1,0,0,0.1,20:30:00,,,,,,,,,N ,NW,NW,NW,1,1,1,1.0,6,5,7,6.0,5.0,30.0,1.0,0,0,0,"0",.,,,,,,,,,,,,,,,,,,,,,L-0420199,11.6,1
L-04_03092019,L-04,2019-09-03,32,20.5,21,31,22.2,24.1,20.8,25.4,19,21.05,18.318906,21.527394,14.87426,18.240186,98,64,74,79,2.3,0,0,2.3,19:40:00,,,,,,,,,N ,NE,NW,N ,1,1,2,1.3,3,7,9,6.3,1.0,25.0,0.4,1,0,0,"0",.,,,,,,,,,,,,,,,,,,,,,L-0420199,11.5,1
L-04_04092019,L-04,2019-09-04,32.5,20.4,20.4,31.4,25.8,25.85,20.2,26,23.6,23.35,17.649498,22.508422,20.743369,20.300429,98,65,83,82,14.7,0,0,14.7,20:40:00,,,,,,,,,C ,N ,C ,C ,0,2,0,0.6,4,8,7,6.3,0.5,30.0,1.0,1,0,0,"0",.,,,,,,,,,,,,,,,,,,,,,L-0420199,12.1,1
L-04_05092019,L-04,2019-09-05,32.6,21,21.2,31.8,25.6,26.05,21.2,25.8,23.4,23.45,18.877352,21.911705,20.481544,20.423533,100,62,83,82,4.6,0,0,4.6,,,,,,,,,,C ,N ,C ,C ,0,1,0,0.3,10,6,7,7.6,0.1,30.0,1.0,1,0,0,"1",.,,,,,,,,,,,,,,,,,,,,,L-0420199,11.6,1
L-04_06092019,L-04,2019-09-06,32.6,21.5,21.8,31.2,23.2,24.85,21.4,21.4,21,21.2,18.910294,14.210294,17.546897,16.889161,97,42,82,74,0,0,7.5,0,,,,,,,,,,C ,N ,NE,N ,0,1,2,1.0,5,7,9,7.0,5.0,25.0,0.1,0,0,1,"0","0",,,,,,,,,,,,,,,,,,,,,L-0420199,11.1,1
L-04_07092019,L-04,2019-09-07,32.5,20.5,21.2,32,25.8,26.2,20,25.8,23.2,23.05,16.931143,21.811705,20.022463,19.588437,90,61,80,77,0,0,0,7.5,,,,,,,,,,C ,NW,C ,C ,0,1,0,0.3,7,6,4,5.6,2.0,30.0,1.0,1,0,0,"0",.,,,,,,,,,,,,,,,,,,,,,L-0420199,12,1
L-04_08092019,L-04,2019-09-08,32,22.8,23.2,29.8,25.8,26.15,22.8,25.6,23.4,23.8,20.612438,22.518038,20.381544,21.170673,97,72,82,84,0,0,0,0,,,,,,,,,,NW,NW,C ,NW,1,2,0,1.0,8,9,7,8.0,2.0,20.0,1.0,0,0,0,"0",.,,,,,,,,,,,,,,,,,,,,,L-0420199,9.2,1
L-04_09092019,L-04,2019-09-09,31.8,23.5,23.5,30.6,23.8,25.425,23,25,21,22.5,20.816102,20.95507,17.246897,19.672689,96,64,78,79,0.9,0,7.8,0.9,19:40:00,,,,,,,,,C ,N ,N ,N ,0,1,2,1.0,8,5,9,7.3,0.4,30.0,0.1,1,0,1,"0","0",,,,,,,,,,,,,,,,,,,,,L-0420199,8.3,1
L-04_10092019,L-04,2019-09-10,32,21.2,21.6,30.2,25.8,25.85,21.4,24.4,23.4,23.15,19.010294,20.018608,20.381544,19.803482,98,62,82,81,0,0,0,7.8,20:30:00,,21:20:00,,,,,,,NE,NE,NW,NE,1,1,2,1.3,5,3,10,6.0,0.7,30.0,0.4,1,0,0,"0",.,,,,,,,,,,,,,,,,,,,,,L-0420199,10.8,1
L-04_13092019,L-04,2019-09-13,32.6,21,21.2,31.6,25.6,26,21,25.4,23.4,23.3,18.546897,21.227394,20.481544,20.085278,98,61,83,81,0,0,0,0,,,,,,,,,,C ,NE,NW,NE,0,1,1,0.6,4,3,8,5.0,2.0,30.0,1.0,0,0,0,"0",.,,,,,,,,,,,,,,,,,,,,,L-0420199,11.6,1
L-04_14092019,L-04,2019-09-14,32.2,21.5,21.8,32.2,26.2,26.6,21.6,26,24,23.9,19.245745,22.108422,21.275351,20.876506,98,61,83,81,0.6,0,0,0.6,,,,,,,,,,NE,N ,NW,NE,1,1,1,1.0,3,6,8,5.6,1.0,30.0,1.0,1,0,0,"0",.,,,,,,,,,,,,,,,,,,,,,L-0420199,10.7,1
L-04_15092019,L-04,2019-09-15,31.5,22.2,22.4,29.8,25.8,25.95,22.2,24.8,23.4,23.45,19.967385,20.973338,20.381544,20.440755,98,67,82,82,7.7,0,0,7.7,00:00:00,,,,,,,,,C ,NW,NW,NW,0,1,1,0.6,9,8,7,8.0,1.0,25.0,1.0,1,0,0,"1",.,,,,,,,,,,,,,,,,,,,,,L-0420199,9.3,1
L-04_20092019,L-04,2019-09-20,33.2,21.5,21.8,31.6,23.8,25.25,21.6,25.2,21.8,22.6,19.245745,20.839746,18.583729,19.556406,98,60,84,81,0,0,0.7,0,17:40:00,,,,,,,,,C ,E ,N ,E ,0,1,1,0.6,6,4,10,6.6,0.2,30.0,0.1,0,0,1,"1","1",,,,,,,,,,,,,,,,,,,,,L-0420199,11.7,1
L-04_21092019,L-04,2019-09-21,29.5,22,22,26.4,25.2,24.7,21.8,23.4,22.8,22.7,19.483729,20.081544,19.612438,19.725903,98,78,82,86,4.1,0,0.2,4.8,22:00:00,,23:50:00,,,,,,,C ,SW,NW,SW,0,1,1,0.6,7,9,8,8.0,0.8,20.0,1.0,1,0,0,"0",.,,,,,,,,,,,,,,,,,,,,,L-0420199,7.5,1
L-04_22092019,L-04,2019-09-22,31,20.5,20.8,30,23.8,24.6,20.6,24.8,21.8,22.25,18.093357,20.873338,18.583729,19.183474,98,66,84,83,70.4,0,3.3,70.6,,,00:00:00,,,,,,,C ,C ,W ,C ,0,0,1,0.3,10,6,8,8.0,0.2,25.0,0.1,1,0,1,"1","0",,,,,,,,,,,,,,,,,,,,,L-0420199,10.5,1
L-04_23092019,L-04,2019-09-23,31.6,21.8,22,25.6,23.6,23.7,21.8,24.2,21.6,22.3,19.483729,21.945558,18.345745,19.92501,98,89,84,90,0.3,5.2,1.6,3.6,,,,,,,,,,C ,SW,W ,SW,0,1,1,0.6,5,10,7,7.3,1.0,5.0,3.0,1,1,1,"0","0",,,,,,,,,,,,,,,,,,,,,L-0420199,9.8,1
L-04_24092019,L-04,2019-09-24,31.4,20.8,21.2,29.6,25.8,25.6,21.2,25.8,23.6,23.55,18.877352,23.011705,20.743369,20.877475,100,74,83,86,0,0,0,6.8,,,,,,,,,,C ,W ,W ,W ,0,2,1,1.0,6,7,7,6.6,0.1,20.0,1.0,1,0,0,"0",.,,,,,,,,,,,,,,,,,,,,,L-0420199,10.6,1
L-04_12092019,L-04,2019-09-12,32,21.4,21.8,31.4,25.2,25.9,21.6,25.2,22.2,22.8,19.245745,20.939746,18.567385,19.584292,98,61,77,79,22.7,0,0,22.7,20:10:00,,,,,,,,,C ,N ,N ,N ,0,1,1,0.6,5,6,5,5.3,0.3,30.0,1.0,1,0,0,"1",.,,,,,,,,,,,,,,,,,,,,,L-0420199,10.6,1
L-04_25092019,L-04,2019-09-25,28.6,22.2,22.4,27.4,24.2,24.55,22.2,24.6,22,22.7,19.967385,21.794526,18.724268,20.162059,98,80,83,87,0.1,0,1.8,0.1,,,,,,,,,,C ,W ,NE,W ,0,3,1,1.3,5,7,10,7.3,0.8,15.0,0.1,1,0,1,"0","0",,,,,,,,,,,,,,,,,,,,,L-0420199,6.4,1
L-04_26092019,L-04,2019-09-26,32.5,22,22.2,31.6,23.6,25.25,22,26,21.6,22.8,19.724268,22.408422,18.345745,20.159478,98,64,84,82,0.2,0,8.4,2,18:00:00,,,,,,,,,C ,N ,NW,N ,0,1,1,0.6,9,4,10,7.6,0.2,30.0,0.1,1,0,1,"0","0",,,,,,,,,,,,,,,,,,,,,L-0420199,10.5,1
L-04_27092019,L-04,2019-09-27,29,22,22.4,28.2,23.2,24.25,22.2,25.6,21.2,22.55,19.967385,23.318038,17.877352,20.387591,98,81,84,88,0.3,0,13.5,8.7,17:30:00,,,,,,,,,C ,E ,C ,C ,0,2,0,0.6,10,9,10,9.6,0.5,15.0,0.1,1,0,2,"0","0",,,,,,,,,,,,,,,,,,,,,L-0420199,7,1
L-04_28092019,L-04,2019-09-28,29,21.8,22.2,25.8,23.8,23.9,22,24.2,21.8,22.45,19.724268,21.845558,18.583729,20.051185,98,88,84,90,15.8,5.6,1,29.3,,,,,,,,,,N ,NW,W ,N ,1,1,1,1.0,10,10,10,10.0,0.2,0.7,0.1,1,1,1,"1","0",,,,,,,,,,,,,,,,,,,,,L-0420199,7.2,1
L-04_29092019,L-04,2019-09-29,31.4,22,22.2,29.6,24.8,25.35,22.2,26.2,22.6,23.4,20.067385,23.808214,19.461446,21.112348,100,77,83,87,0.2,0,0.4,6.8,,,,,,,,,,C ,W ,C ,C ,0,2,0,0.6,10,7,8,8.3,0.1,20.0,0.7,1,0,1,"1","0",,,,,,,,,,,,,,,,,,,,,L-0420199,9.4,1
L-04_30092019,L-04,2019-09-30,33.4,21,21.8,31.8,22.2,24.5,21.6,25.6,20.2,21.9,19.245745,21.518038,16.749498,19.171093,98,61,83,81,0,0,50.5,0.4,19:20:00,,19:40:00,,,,,,,C ,NE,NE,NE,0,1,1,0.6,2,7,10,6.3,1.0,30.0,0.1,1,0,1,"0","0",,,,,,,,,,,,,,,,,,,,,L-0420199,12.4,1
L-04_12122020,L-04,2020-12-12,34,18.5,18.8,33.2,23.6,24.8,18.6,24.4,21.4,21.45,15.967394,18.518608,18.010294,17.498765,98,49,82,76,0,0,0,0,,,,,,,,,,N ,N ,C ,N ,1,1,0,0.6,2,4,0,2.0,5.0,30.0,,0,0,0,.,.,,,,,,,,,,,,,,,,,,,,,L-04202012,15.5,0
L-04_13122020,L-04,2020-12-13,34,18.6,19,32.2,23.8,24.7,18.6,23.4,20.8,20.9,15.867394,17.181544,16.918906,16.655948,96,48,77,74,0,0,0,0,,,,,,,,,,C ,NW,C ,C ,0,1,0,0.3,0,2,0,0.6,5.0,30.0,1.0,0,0,0,.,.,,,,,,,,,,,,,,,,,,,,,L-04202012,15.4,0
L-04_14122020,L-04,2020-12-14,33,17.5,17.4,31.8,23.6,24.1,17,23.2,21.4,20.75,14.326607,17.022463,18.010294,16.453121,96,48,82,75,0,0,0,0,,,,,,,,,,C ,NE,C ,C ,0,1,0,0.3,0,4,4,2.6,5.0,30.0,1.0,0,0,0,"0",.,,,,,,,,,,,,,,,,,,,,,L-04202012,15.5,1
L-04_15122020,L-04,2020-12-15,33.2,17.6,18,31.4,24.8,24.75,17.8,23.4,22,21.3,15.179987,17.581544,18.424268,17.061933,98,51,78,76,0,0,0,0,,,,,,,,,,C ,NE,C ,C ,0,2,0,0.6,2,4,4,3.3,2.0,30.0,1.0,0,0,0,"0",.,,,,,,,,,,,,,,,,,,,,,L-04202012,15.6,1
L-04_16122020,L-04,2020-12-16,33,18.5,18.8,31.6,24.6,24.9,18.6,23.2,22,21.45,15.967394,17.122463,18.524268,17.204708,98,49,80,76,0,0,0,0,,,,,,,,,,C ,NE,NW,NE,0,1,1,0.6,5,2,5,4.0,8.0,30.0,1.0,0,0,0,.,.,,,,,,,,,,,,,,,,,,,,,L-04202012,14.5,0
L-04_17122020,L-04,2020-12-17,33,21,21,30.6,24.8,25.3,20.6,22.8,22.4,22.05,17.993357,16.912438,19.113103,18.006299,96,51,81,76,0,0,0,0,,,,,,,,,,C ,W ,C ,C ,0,2,0,0.6,7,7,5,6.3,1.0,30.0,1.0,1,0,1,"0","0",,,,,,,,,,,,,,,,,,,,,L-04202012,12,1
L-04_21122019,L-04,2019-12-21,32,16.2,23.5,29.3,24.2,25.3,17.9,21.3,18.9,19.25,12.576526,14.993511,13.721707,13.763914,58,49,61,56,0,0,0,0,,,,,,,,,,N ,NW,NW,NW,4,2,3,3.0,10,9,7,8.6,45.0,42.0,5.0,0,0,0,.,.,,,,,,,,,,,,,,,,,,,,,L-04201912,15.8,0
L-04_22122019,L-04,2019-12-22,33.5,17.2,23.9,30.4,25.1,26.125,18.3,21.4,18.8,19.325,12.968047,14.610294,13.119713,13.566018,58,45,55,53,0,0,0,0,,,,,,,,,,NW,NW,NW,NW,3,2,4,3.0,7,2,2,3.6,45.0,45.0,5.0,0,0,0,.,.,,,,,,,,,,,,,,,,,,,,,L-04201912,16.3,0
L-04_23122019,L-04,2019-12-23,32.5,17.5,24.2,29.1,24.7,25.675,18.1,22.1,18.2,19.15,12.521208,16.445502,12.419357,13.795355,55,54,53,54,0,0,0,0,,,,,,,,,,NW,NW,NW,NW,4,4,2,3.3,4,0,0,1.3,45.0,42.0,5.0,0,0,0,.,.,,,,,,,,,,,,,,,,,,,,,L-04201912,15,0
L-04_24122019,L-04,2019-12-24,32.6,16,22.2,29.8,23.7,24.85,17.2,24.4,19.3,20.05,12.211831,20.218608,14.585303,15.671914,61,64,66,64,0,0,0,0,,,,,,,,,,NW,SE,NW,NW,2,2,1,1.6,2,2,0,1.3,45.0,40.0,4.0,0,0,0,.,"0",,,,,,,,,,,,,,,,,,,,,L-04201912,16.6,1
L-04_25122019,L-04,2019-12-25,34,15.2,23.1,29.3,22.6,24.4,18.4,22.9,18.7,19.675,13.517282,17.738935,14.218276,15.158164,64,58,69,64,0,0,0,0,,,,,,,,,,NW,W ,SE,NW,1,1,1,1.0,0,2,0,0.6,40.0,38.0,5.0,0,0,1,"0","2",,,,,,,,,,,,,,,,,,,,,L-04201912,18.8,1
L-04_26122019,L-04,2019-12-26,33.6,15,22.6,28.5,22.2,23.875,19.1,22.9,20.5,20.75,14.827375,18.138935,17.231492,16.7326,72,62,86,73,0,0,0,0,,,,,,,,,,N ,SE,W ,N ,1,1,1,1.0,0,0,0,0.0,35.0,32.0,4.0,1,0,1,"2","2",,,,,,,,,,,,,,,,,,,,,L-04201912,18.6,1
L-04_27122019,L-04,2019-12-27,33.2,14,23.2,28,22.2,23.9,18.1,21.4,19.8,19.775,13.021208,15.810294,16.115143,14.982215,61,56,80,66,0,0,0,0,,,,,,,,,,NE,SE,W ,NE,1,1,1,1.0,0,0,0,0.0,38.0,35.0,5.0,1,0,1,"2","2",,,,,,,,,,,,,,,,,,,,,L-04201912,19.2,1
L-04_01122020,L-04,2020-12-01,33,17,17.2,31.4,23.2,23.75,17,24.2,20.8,20.7,14.426607,19.045558,17.218906,16.897023,98,55,81,78,0,0,0,0,,,,,,,,,,NW,NE,C ,NW,1,1,0,0.6,2,3,2,2.3,2.0,30.0,1.0,0,0,0,"0",.,,,,,,,,,,,,,,,,,,,,,L-04202012,16,1
L-04_02122020,L-04,2020-12-02,32.6,17,17.2,32,23.6,24.1,17,24.8,21.4,21.15,14.426607,19.873338,18.010294,17.436746,98,56,82,79,0,0,0,0,,,,,,,,,,C ,N ,C ,C ,0,3,0,1.0,0,2,1,1.0,2.0,30.0,1.0,0,0,0,"0",.,,,,,,,,,,,,,,,,,,,,,L-04202012,15.6,1
L-04_03122020,L-04,2020-12-03,31.5,17.5,17.8,30.8,21.8,23.05,17.6,23,19,19.65,14.988502,17.166102,15.07426,15.742954,98,52,77,76,0,0,0,0,,,,,,,,,,C ,N ,C ,C ,0,1,0,0.3,4,3,3,3.3,5.0,30.0,1.0,0,0,0,.,.,,,,,,,,,,,,,,,,,,,,,L-04202012,14,0
L-04_04122020,L-04,2020-12-04,31.6,16.5,16.8,30.2,22.2,22.85,16.4,22.2,19.8,19.55,13.783147,16.067385,16.115143,15.321891,96,50,80,75,0,0,0,0,,,,,,,,,,C ,NE,C ,C ,0,1,0,0.3,3,0,1,1.3,5.0,30.0,1.0,0,0,0,"0",.,,,,,,,,,,,,,,,,,,,,,L-04202012,15.1,1
L-04_05122020,L-04,2020-12-05,34,16,16.2,32,23.6,23.85,15.8,23,21.4,20.4,13.257604,16.566102,18.010294,15.944666,96,46,82,75,0,0,0,0,,,,,,,,,,C ,N ,C ,C ,0,2,0,0.6,0,4,0,1.3,5.0,30.0,1.0,0,0,0,"0",.,,,,,,,,,,,,,,,,,,,,,L-04202012,18,1
L-04_06122020,L-04,2020-12-06,33,17.4,18,31.8,23.2,24.05,17.6,23.6,20.4,20.5,14.888502,17.743369,16.570229,16.4007,96,50,78,75,0,0,0,0,,,,,,,,,,NW,N ,C ,NW,1,1,0,0.6,0,1,5,2.0,2.0,30.0,1.0,0,0,0,.,.,,,,,,,,,,,,,,,,,,,,,L-04202012,15.6,0
L-04_07122020,L-04,2020-12-07,33.5,17,17.2,32.2,24.2,24.45,17,22.8,21.6,20.75,14.426607,16.112438,18.045745,16.19493,98,45,80,74,0,0,0,0,,,,,,,,,,C ,N ,C ,C ,0,1,0,0.3,2,2,0,1.3,8.0,30.0,1.0,0,0,0,.,.,,,,,,,,,,,,,,,,,,,,,L-04202012,16.5,0
L-04_08122020,L-04,2020-12-08,33,17.6,17.8,31.8,24.2,24.5,17.4,24.2,21.2,21,14.699123,18.845558,17.377352,16.974011,96,53,77,75,0,0,0,0,,,,,,,,,,N ,N ,C ,N ,1,2,0,1.0,1,3,0,1.3,5.0,30.0,1.0,0,0,0,.,.,,,,,,,,,,,,,,,,,,,,,L-04202012,15.4,0
L-04_09122020,L-04,2020-12-09,32.6,18.2,18,31.2,23.2,23.9,17.2,23.4,20.4,20.35,14.311831,17.681544,16.570229,16.187868,92,52,78,74,0,0,0,0,,,,,,,,,,NW,W ,C ,NW,1,1,0,0.6,1,0,2,1.0,7.0,30.0,1.0,0,0,0,"0",.,,,,,,,,,,,,,,,,,,,,,L-04202012,14.4,1
L-04_10122020,L-04,2020-12-10,33.2,16.5,16.8,32.2,24.2,24.35,16.6,23.2,21.8,20.85,14.062284,16.822463,18.383729,16.422825,98,47,81,75,0,0,0,0,,,,,,,,,,NW,NW,C ,NW,1,2,0,1.0,2,,5,,5.0,30.0,1.0,0,0,0,"0",.,,,,,,,,,,,,,,,,,,,,,L-04202012,16.7,1
L-04_11122020,L-04,2020-12-11,34,17.2,17.4,32.6,23.8,24.4,17.2,23.8,21.4,20.95,14.611831,17.707963,17.910294,16.743362,98,48,81,76,0,0,0,0,,,,,,,,,,W ,N ,C ,W ,1,1,0,0.6,2,4,3,3.0,2.0,30.0,1.0,0,0,0,"0",.,,,,,,,,,,,,,,,,,,,,,L-04202012,16.8,1
L-04_18122020,L-04,2020-12-18,33.5,21.4,21.4,29.8,22.6,24.1,21,24.6,20.4,21.6,18.446897,20.594526,16.870229,18.637217,97,65,82,81,0.6,0,0.3,0.6,,,,,,,,,,C ,NE,NE,NE,0,4,2,2.0,6,8,0,4.6,2.0,30.0,1.0,1,0,0,"0",.,,,,,,,,,,,,,,,,,,,,,L-04202012,12.1,1
L-04_19122020,L-04,2020-12-19,32,20.5,20.6,29.8,24.6,24.9,20.4,22.4,19.8,20.6,17.870229,16.613103,14.915143,16.466158,98,53,64,72,0,0,0,0.3,,,,,,,,,,N ,NW,N ,N ,1,5,1,2.3,0,0,0,0.0,10.0,30.0,1.0,0,0,0,.,.,,,,,,,,,,,,,,,,,,,,,L-04202012,11.5,0
L-04_20122020,L-04,2020-12-20,29.8,20,20.6,29.2,20.6,22.75,16.8,20.6,17.8,18.25,12.443431,13.893357,13.879987,13.405591,68,46,76,63,0,0,0,0,,,,,,,,,,C ,N ,C ,C ,0,3,0,1.0,0,1,0,0.3,15.0,30.0,1.0,0,0,0,"0",.,,,,,,,,,,,,,,,,,,,,,L-04202012,9.8,1
L-04_21122020,L-04,2020-12-21,30.5,15,16.2,30.4,22.6,22.95,14.8,23,18,18.45,11.920156,17.366102,13.173599,14.153285,86,53,64,68,0,0,0,0,,,,,,,,,,N ,N ,C ,N ,1,2,0,1.0,5,3,0,2.6,5.0,30.0,1.0,0,0,0,.,.,,,,,,,,,,,,,,,,,,,,,L-04202012,15.5,0
L-04_22122020,L-04,2020-12-22,32,16.2,16.2,31.4,22.6,23.2,15.6,23.4,19.4,19.45,12.986318,17.581544,15.29012,15.285994,94,51,74,73,0,0,0,0,,,,,,,,,,N ,N ,N ,N ,1,2,1,1.3,4,3,2,3.0,10.0,30.0,1.0,0,0,0,"0",.,,,,,,,,,,,,,,,,,,,,,L-04202012,15.8,1
L-04_23122020,L-04,2020-12-23,33.5,17.2,17.2,32,24.8,24.7,16.8,23.4,20.2,20.15,14.143431,17.281544,15.449498,15.624824,96,48,66,70,0,0,0,0,,,,,,,,,,N ,N ,N ,N ,1,4,1,2.0,4,4,0,2.6,10.0,30.0,1.0,0,0,0,.,.,,,,,,,,,,,,,,,,,,,,,L-04202012,16.3,0
L-04_24122020,L-04,2020-12-24,32.5,17.5,17.6,31.4,22.6,23.55,17,23.8,19.4,19.9,14.226607,18.307963,15.29012,15.941563,94,53,74,74,0,0,0,0,,,,,,,,,,N ,N ,C ,N ,1,1,0,0.6,0,3,0,1.0,15.0,30.0,1.0,0,0,0,.,.,,,,,,,,,,,,,,,,,,,,,L-04202012,15,0
L-04_25122020,L-04,2020-12-25,32.6,16,16.8,31,23.2,23.55,16,23,19.8,19.65,13.230825,17.066102,15.615143,15.304023,92,51,73,72,0,0,0,0,,,,,,,,,,C ,NW,C ,C ,0,1,0,0.3,0,3,2,1.6,12.0,30.0,1.0,0,0,0,.,.,,,,,,,,,,,,,,,,,,,,,L-04202012,16.6,0
L-04_26122020,L-04,2020-12-26,34,15.2,15.2,32.2,23.8,23.75,14.8,23.4,21.4,20.25,12.420156,17.181544,17.910294,15.837331,96,48,81,75,0,0,0,0,,,,,,,,,,C ,W ,C ,C ,0,1,0,0.3,2,2,0,1.3,2.0,30.0,1.0,0,0,0,.,.,,,,,,,,,,,,,,,,,,,,,L-04202012,18.8,0
L-04_27122020,L-04,2020-12-27,33.6,15,15.6,31.8,23.6,23.65,15.6,23,21.4,20.35,13.286318,16.666102,18.010294,15.987571,100,47,82,76,0,0,0,0,,,,,,,,,,NW,NE,C ,NW,1,1,0,0.6,1,0,0,0.3,2.0,30.0,1.0,0,0,0,"0",.,,,,,,,,,,,,,,,,,,,,,L-04202012,18.6,1
L-04_28122020,L-04,2020-12-28,33.2,14,14.4,32,22.6,22.9,14.4,22,19.8,19,12.298213,14.824268,15.915143,14.345874,100,42,77,73,0,0,0,0,,,,,,,,,,C ,NW,NW,NW,0,1,1,0.6,0,2,0,0.6,2.0,30.0,1.0,0,0,0,"0",.,,,,,,,,,,,,,,,,,,,,,L-04202012,19.2,1
L-04_29122020,L-04,2020-12-29,34.2,15.5,15.6,32.4,23.8,23.9,15.4,24.4,21.4,20.65,13.016948,18.918608,17.910294,16.615283,98,52,81,77,0,0,0,0,,,,,,,,,,C ,SW,NW,SW,0,2,1,1.0,2,2,0,1.3,2.0,30.0,1.0,0,0,0,"0",.,,,,,,,,,,,,,,,,,,,,,L-04202012,18.7,1
L-04_30122020,L-04,2020-12-30,33.5,17,17.2,31.8,24.8,24.65,17.2,24,21.8,21.2,14.711831,18.475351,18.083729,17.090303,100,52,77,76,0,0,0,0,,,,,,,,,,NW,W ,NW,NW,1,1,1,1.0,5,4,7,5.3,1.0,30.0,1.0,0,0,0,"0",.,,,,,,,,,,,,,,,,,,,,,L-04202012,16.5,1
L-04_31122020,L-04,2020-12-31,34.5,18.5,18.8,32.6,25.8,25.75,18.4,25.2,22.8,22.3,15.667282,20.339746,19.312438,18.439822,96,55,78,76,0,0,0,0,,,,,,,,,,NW,NE,NW,NW,1,2,1,1.3,5,8,4,5.6,2.0,30.0,1.0,0,0,0,.,.,,,,,,,,,,,,,,,,,,,,,L-04202012,16,0
L-04_08052020,L-04,2020-05-08,,,,,,,,,,,,,,,,,,,47.5,,,47.5,,,,,,,,,,,,,,,,,,,,,,,,,,,,,,,,,,,,,,,,,,,,,,,,,,L-0420205,,
L-04_09052020,L-04,2020-05-09,,,,,,,,,,,,,,,,,,,0.9,,,0.9,,,,,,,,,,,,,,,,,,,,,,,,,,,,,,,,,,,,,,,,,,,,,,,,,,L-0420205,,
L-04_10052020,L-04,2020-05-10,,,,,,,,,,,,,,,,,,,0.2,,,0.2,,,,,,,,,,,,,,,,,,,,,,,,,,,,,,,,,,,,,,,,,,,,,,,,,,L-0420205,,
L-04_11052020,L-04,2020-05-11,,,,,,,,,,,,,,,,,,,18.2,,,18.2,,,,,,,,,,,,,,,,,,,,,,,,,,,,,,,,,,,,,,,,,,,,,,,,,,L-0420205,,
L-04_12052020,L-04,2020-05-12,,,,,,,,,,,,,,,,,,,0.1,,,0.1,,,,,,,,,,,,,,,,,,,,,,,,,,,,,,,,,,,,,,,,,,,,,,,,,,L-0420205,,
L-04_13052020,L-04,2020-05-13,,,,,,,,,,,,,,,,,,,0.2,,,0.2,,,,,,,,,,,,,,,,,,,,,,,,,,,,,,,,,,,,,,,,,,,,,,,,,,L-0420205,,
L-04_14052020,L-04,2020-05-14,,,,,,,,,,,,,,,,,,,24.7,,,24.7,,,,,,,,,,,,,,,,,,,,,,,,,,,,,,,,,,,,,,,,,,,,,,,,,,L-0420205,,
L-04_15052020,L-04,2020-05-15,,,,,,,,,,,,,,,,,,,9.4,,,9.4,,,,,,,,,,,,,,,,,,,,,,,,,,,,,,,,,,,,,,,,,,,,,,,,,,L-0420205,,
L-04_16052020,L-04,2020-05-16,,,,,,,,,,,,,,,,,,,1.7,,,1.7,,,,,,,,,,,,,,,,,,,,,,,,,,,,,,,,,,,,,,,,,,,,,,,,,,L-0420205,,
L-04_17052020,L-04,2020-05-17,,,,,,,,,,,,,,,,,,,0.7,,,0.7,,,,,,,,,,,,,,,,,,,,,,,,,,,,,,,,,,,,,,,,,,,,,,,,,,L-0420205,,
L-04_18052020,L-04,2020-05-18,,,,,,,,,,,,,,,,,,,4.5,,,4.5,,,,,,,,,,,,,,,,,,,,,,,,,,,,,,,,,,,,,,,,,,,,,,,,,,L-0420205,,
L-04_19052020,L-04,2020-05-19,,,,,,,,,,,,,,,,,,,14.3,,,14.3,,,,,,,,,,,,,,,,,,,,,,,,,,,,,,,,,,,,,,,,,,,,,,,,,,L-0420205,,
L-04_20052020,L-04,2020-05-20,,,,,,,,,,,,,,,,,,,0.8,,,0.8,,,,,,,,,,,,,,,,,,,,,,,,,,,,,,,,,,,,,,,,,,,,,,,,,,L-0420205,,
L-04_01052020,L-04,2020-05-01,36.6,22.5,23.2,35.8,28.6,29.05,22.8,24,24.8,24.1,20.612438,16.475351,21.573338,19.553709,97,37,73,69,0,0,0,0,,,,,,,,,,,,,,,,,,,,,,,,,,,,,,,,,,,,,,,,,,,,,,,,,,L-0420205,14.1,
L-04_02052020,L-04,2020-05-02,38,21.6,22.2,36.2,28.8,29,21.2,25.2,24.8,24,18.377352,18.539746,21.473338,19.463478,92,41,72,68,0,0,0,0,,,,,,,,,,,,,,,,,,,,,,,,,,,,,,,,,,,,,,,,,,,,,,,,,,L-0420205,16.4,
L-04_04052020,L-04,2020-05-04,35,23.2,23.4,33.8,28.8,28.7,23.2,26,25.2,24.9,21.222463,21.308422,22.239746,21.59021,98,54,75,76,28.8,0,0,28.8,21:30:00,,,,,,,,,,,,,,,,,,,,,,,,,,,,,,,,,,,,,,,,,,,,,,,,,L-0420205,11.8,
L-04_07052020,L-04,2020-05-07,29.5,23.5,23.4,,,,22.6,,,,20.161446,,,,93,,,,0,,,0,,,,,,,,,,,,,,,,,,,,,,,,,,,,,,,,,,,,,,,,,,,,,,,,,,L-0420205,6,
L-04_21052020,L-04,2020-05-21,,,,,,,,,,,,,,,,,,,0,,,0,,,,,,,,,,,,,,,,,,,,,,,,,,,,,,,,,,,,,,,,,,,,,,,,,,L-0420205,,
L-04_22052020,L-04,2020-05-22,,,,,,,,,,,,,,,,,,,3.5,,,3.5,,,,,,,,,,,,,,,,,,,,,,,,,,,,,,,,,,,,,,,,,,,,,,,,,,L-0420205,,
L-04_23052020,L-04,2020-05-23,,,,,,,,,,,,,,,,,,,0.3,,,0.3,,,,,,,,,,,,,,,,,,,,,,,,,,,,,,,,,,,,,,,,,,,,,,,,,,L-0420205,,
L-04_24052020,L-04,2020-05-24,,,,,,,,,,,,,,,,,,,0.1,,,0.1,,,,,,,,,,,,,,,,,,,,,,,,,,,,,,,,,,,,,,,,,,,,,,,,,,L-0420205,,
L-04_25052020,L-04,2020-05-25,,,,,,,,,,,,,,,,,,,0,,,0,,,,,,,,,,,,,,,,,,,,,,,,,,,,,,,,,,,,,,,,,,,,,,,,,,L-0420205,,
L-04_26052020,L-04,2020-05-26,,,,,,,,,,,,,,,,,,,0,,,0,,,,,,,,,,,,,,,,,,,,,,,,,,,,,,,,,,,,,,,,,,,,,,,,,,L-0420205,,
L-04_27052020,L-04,2020-05-27,,,,,,,,,,,,,,,,,,,16.8,,,16.8,,,,,,,,,,,,,,,,,,,,,,,,,,,,,,,,,,,,,,,,,,,,,,,,,,L-0420205,,
L-04_28052020,L-04,2020-05-28,,,,,,,,,,,,,,,,,,,5,,,5,,,,,,,,,,,,,,,,,,,,,,,,,,,,,,,,,,,,,,,,,,,,,,,,,,L-0420205,,
L-04_29052020,L-04,2020-05-29,,,,,,,,,,,,,,,,,,,5.9,,,5.9,,,,,,,,,,,,,,,,,,,,,,,,,,,,,,,,,,,,,,,,,,,,,,,,,,L-0420205,,
L-04_30052020,L-04,2020-05-30,,,,,,,,,,,,,,,,,,,54.2,,,54.2,,,,,,,,,,,,,,,,,,,,,,,,,,,,,,,,,,,,,,,,,,,,,,,,,,L-0420205,,
L-04_31052020,L-04,2020-05-31,,,,,,,,,,,,,,,,,,,122.7,,,122.7,,,,,,,,,,,,,,,,,,,,,,,,,,,,,,,,,,,,,,,,,,,,,,,,,,L-0420205,,
L-04_01062020,L-04,2020-06-01,,,,,,,,,,,,,,,,,,,59.5,,,59.5,,,,,,,,,,,,,,,,,,,,,,,,,,,,,,,,,,,,,,,,,,,,,,,,,,L-0420206,,
L-04_02062020,L-04,2020-06-02,,,,,,,,,,,,,,,,,,,38.8,,,38.8,,,,,,,,,,,,,,,,,,,,,,,,,,,,,,,,,,,,,,,,,,,,,,,,,,L-0420206,,
L-04_03062020,L-04,2020-06-03,,,,,,,,,,,,,,,,,,,16.5,,,16.5,,,,,,,,,,,,,,,,,,,,,,,,,,,,,,,,,,,,,,,,,,,,,,,,,,L-0420206,,
L-04_04062020,L-04,2020-06-04,,,,,,,,,,,,,,,,,,,17.7,,,17.7,,,,,,,,,,,,,,,,,,,,,,,,,,,,,,,,,,,,,,,,,,,,,,,,,,L-0420206,,
L-04_05062020,L-04,2020-06-05,,,,,,,,,,,,,,,,,,,92.4,,,92.4,,,,,,,,,,,,,,,,,,,,,,,,,,,,,,,,,,,,,,,,,,,,,,,,,,L-0420206,,
L-04_06062020,L-04,2020-06-06,,,,,,,,,,,,,,,,,,,4.1,,,4.1,,,,,,,,,,,,,,,,,,,,,,,,,,,,,,,,,,,,,,,,,,,,,,,,,,L-0420206,,
L-04_07062020,L-04,2020-06-07,,,,,,,,,,,,,,,,,,,0.2,,,0.2,,,,,,,,,,,,,,,,,,,,,,,,,,,,,,,,,,,,,,,,,,,,,,,,,,L-0420206,,
L-04_08062020,L-04,2020-06-08,,,,,,,,,,,,,,,,,,,0,,,0,,,,,,,,,,,,,,,,,,,,,,,,,,,,,,,,,,,,,,,,,,,,,,,,,,L-0420206,,
L-04_09062020,L-04,2020-06-09,,,,,,,,,,,,,,,,,,,1.3,,,1.3,,,,,,,,,,,,,,,,,,,,,,,,,,,,,,,,,,,,,,,,,,,,,,,,,,L-0420206,,
L-04_10062020,L-04,2020-06-10,,,,,,,,,,,,,,,,,,,0,,,0,,,,,,,,,,,,,,,,,,,,,,,,,,,,,,,,,,,,,,,,,,,,,,,,,,L-0420206,,
L-04_11062020,L-04,2020-06-11,,,,,,,,,,,,,,,,,,,27,,,27,,,,,,,,,,,,,,,,,,,,,,,,,,,,,,,,,,,,,,,,,,,,,,,,,,L-0420206,,
L-04_12062020,L-04,2020-06-12,,,,,,,,,,,,,,,,,,,0,,,0,,,,,,,,,,,,,,,,,,,,,,,,,,,,,,,,,,,,,,,,,,,,,,,,,,L-0420206,,
L-04_13062020,L-04,2020-06-13,,,,,,,,,,,,,,,,,,,1.8,,,1.8,,,,,,,,,,,,,,,,,,,,,,,,,,,,,,,,,,,,,,,,,,,,,,,,,,L-0420206,,
L-04_14062020,L-04,2020-06-14,,,,,,,,,,,,,,,,,,,0,,,0,,,,,,,,,,,,,,,,,,,,,,,,,,,,,,,,,,,,,,,,,,,,,,,,,,L-0420206,,
L-04_15062020,L-04,2020-06-15,,,,,,,,,,,,,,,,,,,9.7,,,9.7,,,,,,,,,,,,,,,,,,,,,,,,,,,,,,,,,,,,,,,,,,,,,,,,,,L-0420206,,
L-04_16062020,L-04,2020-06-16,,,,,,,,,,,,,,,,,,,9.7,,,9.7,,,,,,,,,,,,,,,,,,,,,,,,,,,,,,,,,,,,,,,,,,,,,,,,,,L-0420206,,
L-04_17062020,L-04,2020-06-17,,,,,,,,,,,,,,,,,,,12.8,,,12.8,,,,,,,,,,,,,,,,,,,,,,,,,,,,,,,,,,,,,,,,,,,,,,,,,,L-0420206,,
L-04_18062020,L-04,2020-06-18,,,,,,,,,,,,,,,,,,,15.2,,,15.2,,,,,,,,,,,,,,,,,,,,,,,,,,,,,,,,,,,,,,,,,,,,,,,,,,L-0420206,,
L-04_19062020,L-04,2020-06-19,,,,,,,,,,,,,,,,,,,0.2,,,0.2,,,,,,,,,,,,,,,,,,,,,,,,,,,,,,,,,,,,,,,,,,,,,,,,,,L-0420206,,
L-04_20062020,L-04,2020-06-20,,,,,,,,,,,,,,,,,,,0.3,,,0.3,,,,,,,,,,,,,,,,,,,,,,,,,,,,,,,,,,,,,,,,,,,,,,,,,,L-0420206,,
L-04_21062020,L-04,2020-06-21,,,,,,,,,,,,,,,,,,,14.1,,,14.1,,,,,,,,,,,,,,,,,,,,,,,,,,,,,,,,,,,,,,,,,,,,,,,,,,L-0420206,,
L-04_22062020,L-04,2020-06-22,,,,,,,,,,,,,,,,,,,2.2,,,2.2,,,,,,,,,,,,,,,,,,,,,,,,,,,,,,,,,,,,,,,,,,,,,,,,,,L-0420206,,
L-04_23062020,L-04,2020-06-23,,,,,,,,,,,,,,,,,,,0.9,,,0.9,,,,,,,,,,,,,,,,,,,,,,,,,,,,,,,,,,,,,,,,,,,,,,,,,,L-0420206,,
L-04_24062020,L-04,2020-06-24,,,,,,,,,,,,,,,,,,,56.5,,,56.5,,,,,,,,,,,,,,,,,,,,,,,,,,,,,,,,,,,,,,,,,,,,,,,,,,L-0420206,,
L-04_25062020,L-04,2020-06-25,,,,,,,,,,,,,,,,,,,2.5,,,2.5,,,,,,,,,,,,,,,,,,,,,,,,,,,,,,,,,,,,,,,,,,,,,,,,,,L-0420206,,
L-04_26062020,L-04,2020-06-26,,,,,,,,,,,,,,,,,,,0,,,0,,,,,,,,,,,,,,,,,,,,,,,,,,,,,,,,,,,,,,,,,,,,,,,,,,L-0420206,,
L-04_27062020,L-04,2020-06-27,,,,,,,,,,,,,,,,,,,0.8,,,0.8,,,,,,,,,,,,,,,,,,,,,,,,,,,,,,,,,,,,,,,,,,,,,,,,,,L-0420206,,
L-04_28062020,L-04,2020-06-28,,,,,,,,,,,,,,,,,,,9.1,,,9.1,,,,,,,,,,,,,,,,,,,,,,,,,,,,,,,,,,,,,,,,,,,,,,,,,,L-0420206,,
L-04_29062020,L-04,2020-06-29,,,,,,,,,,,,,,,,,,,1.9,,,1.9,,,,,,,,,,,,,,,,,,,,,,,,,,,,,,,,,,,,,,,,,,,,,,,,,,L-0420206,,
L-04_30062020,L-04,2020-06-30,,,,,,,,,,,,,,,,,,,13.9,,,13.9,,,,,,,,,,,,,,,,,,,,,,,,,,,,,,,,,,,,,,,,,,,,,,,,,,L-0420206,,
L-04_01122019,L-04,2019-12-01,32.6,17,20.9,28.7,24.2,24.5,18.8,24,20.7,21.05,15.219713,20.025351,16.555828,17.266964,82,68,73,74,0,0,0,0,,,,,,,,,,E ,SW,E ,E ,1,1,1,1.0,2,2,6,3.3,35.0,29.0,8.0,1,0,1,"2","2",,,,,,,,,,,,,,,,,,,,,L-04201912,15.6,1
L-04_13122019,L-04,2019-12-13,33,17.5,22.4,27,22.8,23.75,17.5,23.1,20.2,20.25,12.54355,19.243944,16.449498,16.078997,62,72,79,71,0,0,0,0,,,,,,,,,,NW,W ,W ,W ,2,1,2,1.6,1,4,2,2.3,45.0,40.0,14.0,0,0,0,"1","1",,,,,,,,,,,,,,,,,,,,,L-04201912,15.5,1
L-04_14122019,L-04,2019-12-14,33.2,17.6,21.8,28.3,22.2,23.625,19.6,23.6,21.1,21.35,16.001476,19.493369,18.211815,17.90222,82,68,91,80,0,0,0,0,,,,,,,,,,W ,SE,E ,W ,1,2,1,1.3,2,4,4,3.3,28.0,27.0,8.0,1,0,1,"2","2",,,,,,,,,,,,,,,,,,,,,L-04201912,15.6,1
L-04_15122019,L-04,2019-12-15,33,18.5,23.4,30.1,23.5,25.125,19,24.2,21.6,21.6,14.27426,19.695558,18.395745,17.455187,66,62,85,71,0,0,0,0,,,,,,,,,,E ,SE,E ,E ,1,1,1,1.0,1,2,8,3.6,32.0,27.0,3.0,1,0,1,"2","2",,,,,,,,,,,,,,,,,,,,,L-04201912,14.5,1
L-04_16122019,L-04,2019-12-16,33,21,23.5,27.7,23.6,24.6,19.9,22.5,20.8,21,15.62285,17.836945,17.018906,16.826233,72,64,78,71,0,0,0,0,,,,,,,,,,E ,W ,W ,W ,1,1,2,1.3,7,5,4,5.3,28.0,27.0,4.0,1,0,0,"2","0",,,,,,,,,,,,,,,,,,,,,L-04201912,12,1
L-04_17122019,L-04,2019-12-17,33.5,21.4,23.2,25.1,22.9,23.525,20.4,22.8,21.1,21.35,16.570229,19.662438,17.861815,18.031494,78,82,85,82,0,0,2.4,0,,,,,,,,,,W ,W ,W ,W ,1,1,2,1.3,6,6,10,7.3,27.0,27.0,3.0,1,0,1,"2",.,,,,,,,,,,,,,,,,,,,,,L-04201912,12.1,1
L-04_02122019,L-04,2019-12-02,31.5,17.5,23.4,29.7,23.8,25.175,18.1,21.8,20.1,20.025,12.921208,15.633729,15.790025,14.781654,60,50,71,60,0,0,0,0,,,,,,,,,,NW,SE,NW,NW,4,2,2,2.6,2,2,1,1.6,40.0,40.0,8.0,0,0,0,.,.,,,,,,,,,,,,,,,,,,,,,L-04201912,14,0
L-04_04122019,L-04,2019-12-04,34,16,22.7,29.1,22,23.95,18.8,24.6,21.6,21.65,14.319713,20.944526,19.145745,18.136661,69,69,97,78,0,0,0,0,,,,,,,,,,NE,SE,W ,NE,1,1,1,1.0,4,5,0,3.0,42.0,28.0,11.0,1,0,1,"2","2",,,,,,,,,,,,,,,,,,,,,L-04201912,18,1
L-04_05122019,L-04,2019-12-05,33,17.4,22.7,29.4,22.8,24.425,17.9,21.1,19.6,19.55,12.976526,14.611815,15.501476,14.363272,63,48,74,62,0,0,0,0,,,,,,,,,,SW,W ,E ,SW,2,1,1,1.3,0,2,1,1.0,45.0,42.0,12.0,0,0,0,"0","0",,,,,,,,,,,,,,,,,,,,,L-04201912,15.6,1
L-04_06122019,L-04,2019-12-06,33.5,17,23.4,29.1,23.2,24.725,18.2,25,21.3,21.45,13.069357,21.70507,18.043511,17.605979,61,72,85,73,0,0,0,0,,,,,,,,,,E ,SE,E ,E ,2,2,2,2.0,0,3,0,1.0,45.0,38.0,15.0,0,0,0,"0",.,,,,,,,,,,,,,,,,,,,,,L-04201912,16.5,1
L-04_07122019,L-04,2019-12-07,33,17.6,23.7,29.8,23.7,25.225,17.6,21.2,19.1,19.25,12.038502,14.577352,14.277375,13.631076,55,46,65,55,0,0,0,0,,,,,,,,,,NW,NW,NE,NW,4,3,2,3.0,1,2,0,1.0,45.0,40.0,15.0,0,0,0,.,.,,,,,,,,,,,,,,,,,,,,,L-04201912,15.4,0
L-04_08122019,L-04,2019-12-08,32.6,18.2,22.8,30,23,24.7,17.8,22,19,19.45,12.779987,15.824268,14.47426,14.359505,61,50,69,60,0,0,0,0,,,,,,,,,,NE,W ,S ,NE,1,2,2,1.6,2,1,0,1.0,45.0,40.0,18.0,0,0,0,.,.,,,,,,,,,,,,,,,,,,,,,L-04201912,14.4,0
L-04_09122019,L-04,2019-12-09,33.2,16.5,22.1,29.9,22.8,24.4,18.6,23.1,21,20.925,14.317394,17.793944,17.746897,16.619411,72,56,85,71,0,0,0,0,,,,,,,,,,NW,E ,E ,E ,1,1,1,1.0,6,5,8,6.3,45.0,38.0,15.0,0,0,1,.,"2",,,,,,,,,,,,,,,,,,,,,L-04201912,16.7,1
L-04_10122019,L-04,2019-12-10,34,17.2,23.6,28.9,23.9,25.075,19.2,23.4,20.7,21,14.481055,18.831544,16.705828,16.672809,66,63,75,68,0,0,0,0,,,,,,,,,,E ,W ,NW,E ,1,1,1,1.0,4,3,3,3.3,45.0,32.0,14.0,1,0,1,"2","2",,,,,,,,,,,,,,,,,,,,,L-04201912,16.8,1
L-04_03122019,L-04,2019-12-03,31.6,16.5,22.6,29.2,22,23.95,17.5,21.7,20.2,19.9,12.44355,15.714419,16.849498,15.002489,61,52,85,66,0,0,0,0,,,,,,,,,,E ,E ,NW,E ,1,1,2,1.3,9,9,10,9.3,45.0,42.0,0.0,0,1,1,"2",.,,,,,,,,,,,,,,,,,,,,,L-04201912,15.1,1
L-04_29122019,L-04,2019-12-29,33.5,17,23.6,29,23.1,24.7,19.7,22.8,19.5,20.375,15.258019,17.712438,15.19551,16.055322,70,59,72,67,0,0,0,0,,,,,,,,,,E ,W ,NW,E ,1,1,2,1.3,0,2,0,0.6,28.0,25.0,5.0,1,0,0,"2",.,,,,,,,,,,,,,,,,,,,,,L-04201912,16.5,1
L-04_30122019,L-04,2019-12-30,34.5,18.5,24.3,26.4,23.2,24.275,20.6,23.9,20.6,21.425,16.343357,20.991307,16.893357,18.076007,72,81,79,77,0,0,0,0,,,,,,,,,,E ,SE,W ,E ,2,1,1,1.3,6,5,8,6.3,35.0,27.0,4.0,0,0,0,"0","0",,,,,,,,,,,,,,,,,,,,,L-04201912,16,1
L-04_31122019,L-04,2019-12-31,34.2,19.4,24.2,30.9,22.9,25.225,18.7,24.6,21.6,21.625,13.418276,20.044526,18.695745,17.386182,59,60,89,69,0,0,0,0,,,,,,,,,,W ,SE,E ,W ,2,1,2,1.6,5,6,4,5.0,38.0,27.0,6.0,0,0,1,.,"2",,,,,,,,,,,,,,,,,,,,,L-04201912,14.8,1
L-04_11122019,L-04,2019-12-11,34,18.5,23,28.9,25.8,25.875,20,23.8,20.5,21.2,16.031143,19.557963,15.431492,17.006866,76,65,62,68,0,0,0,0,,,,,,,,,,E ,SE,NW,E ,1,1,2,1.3,1,5,1,2.3,35.0,28.0,18.0,1,0,0,"2",.,,,,,,,,,,,,,,,,,,,,,L-04201912,15.5,1
L-04_12122019,L-04,2019-12-12,34,18.6,22.4,29.8,23.8,24.95,20.3,23.5,19.3,20.6,16.809565,18.562112,14.535303,16.63566,83,59,66,69,0,0,0,0,,,,,,,,,,NW,NW,SE,NW,1,1,2,1.3,4,5,6,5.0,42.0,28.0,15.0,1,0,0,"2",.,,,,,,,,,,,,,,,,,,,,,L-04201912,15.4,1
L-04_18122019,L-04,2019-12-18,32,20.5,22.9,28,23.8,24.625,20.3,22.2,18.9,20.075,16.559565,17.167385,13.921707,15.882885,79,61,63,68,0,0,0.2,2.4,,,,,,,,,,W ,W ,NW,W ,1,1,4,2.0,8,7,4,6.3,40.0,28.0,4.0,1,0,0,.,.,,,,,,,,,,,,,,,,,,,,,L-04201912,11.5,0
L-04_19122019,L-04,2019-12-19,29.8,20,21.2,27.5,21,22.675,15.8,19.4,16.3,16.95,10.757604,12.84012,11.544326,11.714016,57,47,62,55,0,0,0,0.2,,,,,,,,,,NW,NW,W ,NW,6,3,2,3.6,0,0,0,0.0,45.0,45.0,4.0,0,0,0,.,.,,,,,,,,,,,,,,,,,,,,,L-04201912,9.8,0
L-04_20122019,L-04,2019-12-20,30.5,15,22.2,28.5,23.7,24.525,16.3,20.3,17.9,18.1,10.944326,13.759565,12.476526,12.393472,55,47,57,53,0,0,0,0,,,,,,,,,,NW,NE,NW,NW,2,1,3,2.0,0,0,0,0.0,45.0,45.0,6.0,0,0,0,.,.,,,,,,,,,,,,,,,,,,,,,L-04201912,15.5,0
L-04_28122019,L-04,2019-12-28,34.2,15.5,23.1,29.2,23.8,24.975,18.7,23.2,18.7,19.825,13.968276,18.322463,13.618276,15.303005,66,60,62,63,0,0,0,0,,,,,,,,,,N ,SE,E ,N ,1,1,1,1.0,1,1,2,1.3,35.0,27.0,5.0,1,0,0,"2","0",,,,,,,,,,,,,,,,,,,,,L-04201912,18.7,1
L-04_03052020,L-04,2020-05-03,37.9,22.5,22.8,36.4,26.2,27.9,21.4,24.6,23.2,23.1,18.410294,17.294526,19.822463,18.509094,88,38,78,68,0,0,0,0,,,,,,,,,,,,,,,,,,,,,,,,,,,,,,,,,,,,,,,,,,,,,,,,,,L-0420205,15.4,
L-04_05052020,L-04,2020-05-05,31,22,23,30.6,24.6,25.7,22.6,25.6,22.4,23.25,20.361446,22.118038,19.213103,20.564195,97,67,83,82,13.7,0,34.4,13.7,19:20:00,,,,20:00:00,,,,,,,,,,,,,,,,,,,,,,,,,,,,,,,,,,,,,,,,,,,,,L-0420205,9,
L-04_06052020,L-04,2020-05-06,34.5,21.5,21.6,32.8,28.8,28,21.6,25.6,25.8,24.7,19.345745,21.018038,23.411705,21.258496,100,56,79,78,0,0,0,34.4,,,,,,,,,,,,,,,,,,,,,,,,,,,,,,,,,,,,,,,,,,,,,,,,,,L-0420205,13,
L-04_02092020,L-04,2020-09-02,31,21.2,22.2,29,26.6,26.1,22,24.6,24.2,23.75,19.724268,20.994526,21.445558,20.72145,98,70,82,83,67.7,0,0,67.7,,,,,,,,,,C ,C ,W ,C ,0,0,1,0.3,5,8,4,5.6,0.3,20.0,1.0,1,0,0,"1",.,,,,,,,,,,,,,,,,,,,,,L-0420209,9.8,1
L-04_04092020,L-04,2020-09-04,33.4,19.5,20.6,32,26.8,26.55,20.6,25.8,24.4,23.8,18.193357,21.811705,21.718608,20.574556,100,61,82,81,0,0,0.8,3.8,,,,,,,,,,W ,N ,C ,W ,1,1,0,0.6,7,3,8,6.0,0.4,30.0,0.1,1,0,1,"1","1",,,,,,,,,,,,,,,,,,,,,L-0420209,13.9,1
L-04_05092020,L-04,2020-09-05,32,20,20.8,28.6,27.2,25.95,20.8,25,24.8,23.85,18.418906,21.95507,22.273338,20.882438,100,75,82,86,4.4,0.1,0.6,5.2,,,,,,,,,,N ,SW,C ,N ,1,2,0,1.0,6,4,6,5.3,0.3,30.0,0.8,1,0,1,"1","0",,,,,,,,,,,,,,,,,,,,,L-0420209,12,1
L-04_06092020,L-04,2020-09-06,32,20.5,21.2,29.6,26.6,26,21.2,25.2,23.6,23.4,18.877352,21.839746,20.343369,20.353489,100,70,78,83,23.9,0,0,24.6,,,,,,,,,,W ,SW,C ,W ,1,5,0,2.0,7,6,5,6.0,0.3,30.0,1.0,1,0,0,"1",.,,,,,,,,,,,,,,,,,,,,,L-0420209,11.5,1
L-04_08092020,L-04,2020-09-08,29.5,21,21.8,27,26.2,25.3,21.8,25,24.2,23.8,19.583729,22.75507,21.645558,21.328119,100,85,85,90,0,5.2,1.5,11.2,,,,,,,,,,W ,NW,C ,W ,1,1,0,0.6,8,6,7,7.0,0.2,10.0,0.4,1,1,0,"1",.,,,,,,,,,,,,,,,,,,,,,L-0420209,8.5,1
L-04_01092020,L-04,2020-09-01,32.2,20,21,30,26.8,26.15,21,25,24.4,23.7,18.646897,21.25507,21.718608,20.540191,100,67,82,83,28,0,0,28,21:15:00,,,,23:45:00,,,,,C ,SW,SW,SW,0,1,2,1.0,4,5,6,5.0,0.5,30.0,1.0,1,0,0,"1",.,,,,,,,,,,,,,,,,,,,,,L-0420209,12.2,1
L-04_03092020,L-04,2020-09-03,28,21.4,22.4,24.2,25.2,24.25,22.2,23.6,23.2,23.05,19.967385,21.543369,20.322463,20.611072,98,95,85,93,0,0.3,3.5,0,,,,,,,,,,C ,N ,C ,C ,0,1,0,0.3,7,9,9,8.3,2.0,10.0,0.1,0,0,1,"0","1",,,,,,,,,,,,,,,,,,,,,L-0420209,6.6,1
L-04_07092020,L-04,2020-09-07,31.4,21.2,22,30.2,26.8,26.45,21.8,26.2,24.4,24.2,19.483729,23.508214,21.718608,21.570183,98,73,82,84,0,0,11.2,0,,,,,,,,,,C ,SW,C ,C ,0,4,0,1.3,5,6,7,6.0,1.0,30.0,0.1,0,0,1,"1","1",,,,,,,,,,,,,,,,,,,,,L-0420209,10.2,1
L-04_09092020,L-04,2020-09-09,31.5,21.5,22.4,27.6,26.8,25.9,22.2,26.2,24.4,24.3,19.967385,24.808214,21.718608,22.164735,98,90,82,90,0.2,0.3,1.2,6.9,,,,,,,,,,NW,S ,C ,NW,1,1,0,0.6,7,8,6,7.0,0.3,20.0,1.0,1,0,0,"1",.,,,,,,,,,,,,,,,,,,,,,L-0420209,10,1
L-04_10092020,L-04,2020-09-10,32.2,21,22,28.8,26.8,26.1,22,26.4,24.4,24.3,19.824268,24.611109,21.718608,22.051328,100,83,82,88,0,0.2,0,1.5,,,,,,,,,,C ,SW,C ,C ,0,3,0,1.0,7,7,5,6.3,1.0,25.0,1.0,0,0,0,"1",.,,,,,,,,,,,,,,,,,,,,,L-0420209,11.2,1
L-04_11092020,L-04,2020-09-11,32.2,21.8,22.8,30.2,27.8,27.15,22.6,27,24.6,24.7,20.461446,25.138681,21.594526,22.398217,98,78,77,84,0.8,0,0.2,1,20:00:00,,,,,,,,,NW,C ,W ,NW,1,0,2,1.0,8,5,7,6.6,1.0,30.0,0.1,1,0,1,"1","1",,,,,,,,,,,,,,,,,,,,,L-0420209,10.4,1
L-04_12092020,L-04,2020-09-12,31.5,21,22,30.4,26.8,26.5,22,26.8,24.2,24.3,19.824268,24.626316,21.345558,21.932047,100,76,81,86,7.7,0,0,7.9,,,,,,,,,,C ,SW,C ,C ,0,2,0,0.6,8,6,7,7.0,1.0,30.0,1.0,1,0,0,"1",.,,,,,,,,,,,,,,,,,,,,,L-0420209,10.5,1
L-04_13092020,L-04,2020-09-13,32.5,21.8,22.4,32,27.6,27.4,22.2,26.6,27.6,26,19.967385,23.417134,27.695157,23.693225,98,66,100,88,0,0,0,0,,,,,,,,,,SW,SW,C ,SW,1,2,0,1.0,8,5,4,5.6,2.0,30.0,1.0,0,0,0,"1",.,,,,,,,,,,,,,,,,,,,,,L-0420209,10.7,1
L-04_14092020,L-04,2020-09-14,29.5,21.4,22.4,27.2,25.8,25.3,22.2,25.4,23.8,23.8,19.967385,23.427394,21.107963,21.500914,98,87,85,90,0,0.3,2.9,0,,,,,,,,,,C ,C ,C ,C ,0,0,0,0.0,6,8,8,7.3,1.0,20.0,0.1,0,0,1,"0","1",,,,,,,,,,,,,,,,,,,,,L-0420209,8.1,1
L-04_15092020,L-04,2020-09-15,32,20.5,21.6,31,27.2,26.75,21.6,27.2,24.8,24.6,19.345745,25.154258,22.273338,22.25778,100,75,82,86,0.2,0,2.6,3.4,,,,,,,,,,NW,N ,W ,NW,1,1,1,1.0,7,5,6,6.0,0.2,30.0,1.0,1,0,1,"1","0",,,,,,,,,,,,,,,,,,,,,L-0420209,11.5,1
L-04_16092020,L-04,2020-09-16,31.5,22,22.8,29,26.8,26.35,22.6,27,23.8,24.3,20.461446,25.738681,20.607963,22.269363,98,86,78,87,0,0,1,2.6,,,,,,,,,,C ,SE,C ,C ,0,1,0,0.3,6,4,5,5.0,0.4,30.0,0.2,1,0,1,"1","1",,,,,,,,,,,,,,,,,,,,,L-0420209,9.5,1
L-04_17092020,L-04,2020-09-17,32.4,20.8,21.6,31,27.2,26.75,21.6,27.2,24.8,24.6,19.345745,25.154258,22.273338,22.25778,100,75,82,86,0.3,2.5,0.8,1.3,,,,,,,,,,C ,W ,W ,W ,0,1,1,0.6,10,3,5,6.0,0.2,30.0,0.1,1,0,1,"1","1",,,,,,,,,,,,,,,,,,,,,L-0420209,11.6,1
L-04_18092020,L-04,2020-09-18,31,21.5,22.2,29,26.8,26.2,22,26.2,24.2,24.15,19.724268,24.108214,21.345558,21.726013,98,80,81,86,0,0,0.1,3.3,,,,,,,,,,C ,SE,C ,C ,0,1,0,0.3,6,7,6,6.3,0.4,30.0,1.0,1,0,0,"1",.,,,,,,,,,,,,,,,,,,,,,L-0420209,9.5,1
L-04_19092020,L-04,2020-09-19,33,21.5,22,31.6,26.8,26.8,21.8,27.8,24,24.4,19.483729,26.120534,20.975351,22.193204,98,75,79,84,0,0,0,0.1,,,,,,,,,,W ,SW,C ,W ,1,3,0,1.3,7,4,5,5.3,1.0,30.0,1.0,0,0,0,"1",.,,,,,,,,,,,,,,,,,,,,,L-0420209,11.5,1
L-04_20092020,L-04,2020-09-20,33.5,22.5,23.4,30.8,26.2,26.65,22.8,26.8,23.8,24.3,20.512438,24.426316,20.907963,21.948905,95,73,82,83,0,0,11.4,0,,,,,,,,,,C ,N ,W ,N ,0,1,1,0.6,7,5,6,6.0,1.0,30.0,0.1,0,0,1,"1","1",,,,,,,,,,,,,,,,,,,,,L-0420209,11,1
L-04_21092020,L-04,2020-09-21,33.8,20.6,22,31.6,26.8,26.8,22,24.2,24.4,23.75,19.824268,18.945558,21.718608,20.162811,100,54,82,79,0.2,0,0.6,11.6,,,,,,,,,,C ,NE,NW,NE,0,1,1,0.6,3,2,6,3.6,1.0,30.0,0.3,1,0,1,"1","0",,,,,,,,,,,,,,,,,,,,,L-0420209,13.2,1
L-04_22092020,L-04,2020-09-22,33.4,20,20.8,30.8,27.2,26.5,20.8,26.2,24.6,24.05,18.418906,23.208214,21.894526,21.173882,100,70,81,84,0,0,0,0.6,,,,,,,,,,NW,N ,NW,NW,1,1,1,1.0,3,3,6,4.0,1.0,30.0,1.0,1,0,0,"1",.,,,,,,,,,,,,,,,,,,,,,L-0420209,13.4,1
L-04_23092020,L-04,2020-09-23,33.6,20.6,22,32.2,24.8,25.95,21.8,24.4,22.6,22.85,19.483729,19.018608,19.461446,19.321261,98,53,83,78,2.5,0,12.2,2.5,18:45:00,,,,,,,,,SW,NW,SW,SW,1,1,1,1.0,5,2,10,5.6,2.0,30.0,0.1,1,0,1,"1","1",,,,,,,,,,,,,,,,,,,,,L-0420209,13,1
L-04_24092020,L-04,2020-09-24,31.2,20.8,22,30.2,25.8,25.95,21.8,24.8,23.4,23.35,19.483729,20.773338,20.381544,20.21287,98,65,82,82,3.9,0,0.8,16.1,,,,,,,,,,E ,S ,NE,E ,1,2,1,1.3,8,6,7,7.0,0.2,30.1,1.0,1,0,1,"1","1",,,,,,,,,,,,,,,,,,,,,L-0420209,10.4,1
L-04_25092020,L-04,2020-09-25,30.4,21,22,29.6,25.8,25.8,21.8,25.4,23.6,23.6,19.483729,22.227394,20.743369,20.818164,98,71,83,84,11.5,0,6.3,12.3,,,,,,,,,,C ,N ,NW,N ,0,1,1,0.6,6,6,7,6.3,0.3,30.0,0.1,1,0,1,"1","1",,,,,,,,,,,,,,,,,,,,,L-0420209,9.4,1
L-04_26092020,L-04,2020-09-26,29.5,21.5,22.4,23.8,25.2,24.15,22.2,23.2,22.8,22.75,19.967385,21.022463,19.612438,20.200762,98,95,82,92,0.3,23.8,8.9,6.6,,,,,12:50:00,,,,,C ,W ,C ,C ,0,3,0,1.0,7,10,4,7.0,1.0,0.4,0.2,1,1,1,"1","0",,,,,,,,,,,,,,,,,,,,,L-0420209,8,1
L-04_27092020,L-04,2020-09-27,31.5,20.4,21.6,30.4,24.8,25.4,21.4,25.2,22.4,22.85,19.010294,21.439746,19.113103,19.854381,98,66,81,82,0.8,0,0.3,33.5,,,,,,,,,,C ,C ,W ,C ,0,0,1,0.3,7,6,5,6.0,0.4,30.0,0.5,1,0,0,"1","0",,,,,,,,,,,,,,,,,,,,,L-0420209,11.1,1
L-04_28092020,L-04,2020-09-28,33,19.5,20.8,31.6,26.2,26.2,20.6,26.2,23.8,23.6,18.093357,22.808214,20.907963,20.603178,98,65,82,82,0,0,0.4,0.3,,,,,,,,,,NW,W ,W ,W ,1,2,1,1.3,4,7,5,5.3,1.0,30.0,0.4,1,0,1,"1","0",,,,,,,,,,,,,,,,,,,,,L-0420209,13.5,1
L-04_29092020,L-04,2020-09-29,33,19.6,20.8,31.8,25.8,26.05,20.8,24.8,23.6,23.2,18.418906,19.973338,20.743369,19.711871,100,57,83,80,5.5,0,1.4,5.9,19:00:00,,,,,,,,,C ,NW,E ,NW,0,1,1,0.6,6,3,9,6.0,1.0,30.0,0.4,1,0,1,"1","1",,,,,,,,,,,,,,,,,,,,,L-0420209,13.4,1
L-04_30092020,L-04,2020-09-30,32.8,20,21.2,32,24.8,25.7,21.2,25.8,22.8,23.15,18.877352,21.811705,19.812438,20.167165,100,61,84,82,12,0,23.5,13.4,,,,,,,,,,N ,NW,C ,N ,1,1,0,0.6,7,4,7,6.0,1.0,30.0,0.1,1,0,1,"1","1",,,,,,,,,,,,,,,,,,,,,L-0420209,12.8,1
L-04_15052021,L-04,2021-05-15,35,19,22.6,33.2,27.8,27.85,22,25,25.2,24.35,19.524268,19.65507,22.739746,20.639694,95,52,81,76,0,0,6,0.3,,,,,,,,,,C ,SE,W ,SE,0,1,1,0.6,2,4,9,5.0,1.0,30.0,0.1,0,0,1,"1","2",,,,,,,,,,,,,,,,,,,,,L-0420215,16,1
L-04_16052021,L-04,2021-05-16,34,18.5,21.6,32.6,28.2,27.65,21.2,24.8,25.2,24.1,18.677352,19.573338,22.539746,20.263478,97,53,79,76,4.1,0,0,10.1,,,,,,,,,,C ,N ,SW,N ,0,1,1,0.6,7,5,3,5.0,0.6,30.0,1.0,1,0,0,"2",.,,,,,,,,,,,,,,,,,,,,,L-0420215,15.5,1
L-04_17052021,L-04,2021-05-17,32.5,21,23.6,31.2,27.8,27.6,22.6,25.6,25,24.55,20.061446,21.818038,22.35507,21.411518,92,64,80,79,0,0,0,0,,,,,,,,,,SW,SW,SW,SW,1,4,1,2.0,8,5,5,6.0,2.0,30.0,1.0,0,0,0,"1",.,,,,,,,,,,,,,,,,,,,,,L-0420215,11.5,1
L-04_18052021,L-04,2021-05-18,33,19.5,22.8,32.4,26.8,27.2,22.4,25.6,24,24,20.113103,21.218038,20.975351,20.76883,97,58,79,78,0,0,0.2,0,,,,,,,,,,C ,S ,W ,S ,0,2,1,1.0,5,8,3,5.3,1.0,20.0,1.0,0,0,0,"1",.,,,,,,,,,,,,,,,,,,,,,L-0420215,13.5,1
L-04_19052021,L-04,2021-05-19,33.5,19,22,32.8,26.8,27.1,21.6,25.6,23.8,23.7,19.145745,21.018038,20.607963,20.257248,97,56,78,77,0,0,0,0.2,,,,,,,,,,C ,SW,W ,SW,0,1,1,0.6,2,5,4,3.6,0.4,30.0,1.0,0,0,0,"2",.,,,,,,,,,,,,,,,,,,,,,L-0420215,14.5,1
L-04_20052021,L-04,2021-05-20,33.5,18.5,21.8,32.6,27.8,27.5,21.4,25.6,24.6,24.05,18.910294,21.118038,21.594526,20.540952,97,57,77,77,0,0,0,0,,,,,,,,,,NW,SW,W ,NW,1,1,2,1.3,6,6,3,5.0,1.0,30.0,1.0,0,0,0,"1",.,,,,,,,,,,,,,,,,,,,,,L-0420215,15,1
L-04_21052021,L-04,2021-05-21,35,19.6,23.2,34,25.8,27.2,22.6,25.6,23.6,23.85,20.261446,20.418038,20.743369,20.474284,95,51,83,76,0,0,0.6,0,,,,,,,,,,W ,NE,,,1,1,,,6,4,7,5.6,1.0,30.0,0.1,0,0,1,"1","2",,,,,,,,,,,,,,,,,,,,,L-0420215,15.4,1
L-04_01052021,L-04,2021-05-01,32.8,17.8,20.8,31.6,27.8,27,20.8,23,24.4,23.15,18.418906,16.766102,21.218608,18.801205,100,48,76,75,5.6,0,0,5.6,,,,,,,,,,C ,S ,SW,S ,0,3,1,1.3,8,5,6,6.3,0.5,30.0,1.0,1,0,0,"2",.,,,,,,,,,,,,,,,,,,,,,L-0420215,15,1
L-04_02052021,L-04,2021-05-02,32,19.2,21.8,31.2,27.8,27.15,21.4,23.4,23,22.7,18.910294,17.681544,18.666102,18.419313,97,52,67,72,11.5,0,0,11.5,01:00:00,01:30:00,,,,,,,,W ,SW,W ,W ,1,2,1,1.3,9,5,5,6.3,0.6,30.0,1.0,1,0,0,"2",.,,,,,,,,,,,,,,,,,,,,,L-0420215,12.8,1
L-04_03052021,L-04,2021-05-03,30.5,18.2,21.6,27.4,27.2,25.85,21,23,24,23,18.346897,18.866102,20.775351,19.32945,95,69,77,80,0,0,0,0,,,,,,,,,,W ,SW,W ,W ,1,2,1,1.3,6,9,4,6.3,1.0,20.0,1.0,0,0,0,"0",.,,,,,,,,,,,,,,,,,,,,,L-0420215,12.3,1
L-04_04052021,L-04,2021-05-04,31.5,17.4,20.2,26.2,26.8,25,20,23,24,22.75,17.431143,19.466102,20.975351,19.290865,98,76,79,84,0,0.1,12.6,0,,,,,,,,,,C ,S ,SW,S ,0,2,1,1.0,3,7,5,5.0,0.6,20.0,0.8,0,0,1,"0","2",,,,,,,,,,,,,,,,,,,,,L-0420215,14.1,1
L-04_05052021,L-04,2021-05-05,32.4,17.5,20.8,27.4,26.8,25.45,20.4,23.6,24,23,17.770229,19.943369,20.975351,19.562983,96,73,79,83,0,0,0.8,12.7,,,,,,,,,,C ,SW,SW,SW,0,1,1,0.6,4,6,5,5.0,0.6,30.0,1.0,1,0,0,"2",.,,,,,,,,,,,,,,,,,,,,,L-0420215,14.9,1
L-04_06052021,L-04,2021-05-06,32.2,18.5,21.4,30,25.8,25.75,21,25,23.4,23.2,18.446897,21.25507,20.381544,20.027837,97,67,82,82,0,0,49.4,0.8,,14:30:00,,,,,,,,C ,S ,C ,C ,0,2,0,0.6,5,9,10,8.0,0.7,20.0,0.1,1,0,1,"2","2",,,,,,,,,,,,,,,,,,,,,L-0420215,13.7,1
L-04_07052021,L-04,2021-05-07,32.2,19,22,30.8,25.8,26.1,21.8,25.6,23.4,23.55,19.483729,22.018038,20.381544,20.62777,98,66,82,82,0.4,0,12.6,49.8,,,,,,,,,,W ,SW,C ,W ,1,2,0,1.0,6,7,8,7.0,0.3,20.0,0.2,1,0,1,"2","2",,,,,,,,,,,,,,,,,,,,,L-0420215,13.2,1
L-04_08052021,L-04,2021-05-08,32,19.8,22.8,31.2,25.8,26.4,22.6,25,23.4,23.6,20.461446,20.65507,20.381544,20.499353,98,61,82,80,0.4,0,8.4,13,,,,,,,,,,C ,NW,SW,NW,0,1,1,0.6,6,5,10,7.0,0.4,25.0,0.1,1,0,1,"2","2",,,,,,,,,,,,,,,,,,,,,L-0420215,12.2,1
L-04_09052021,L-04,2021-05-09,33,19,22,32.2,27.8,27.45,22,24.4,25.2,24.2,19.824268,19.018608,22.739746,20.52754,100,53,81,78,1.4,0,0,9.8,,,,,,,,,,C ,NW,C ,C ,0,2,0,0.6,8,4,3,5.0,0.5,30.0,1.0,1,0,0,"2",.,,,,,,,,,,,,,,,,,,,,,L-0420215,14,1
L-04_10052021,L-04,2021-05-10,34,18,21.4,33.4,28.2,27.8,20.8,24.8,25.2,24,18.118906,19.173338,22.539746,19.943996,95,50,79,75,0,0,0,0,,,,,,,,,,C ,NE,W ,NE,0,1,1,0.6,4,2,4,3.3,1.0,30.0,1.0,0,0,0,"1",.,,,,,,,,,,,,,,,,,,,,,L-0420215,16,1
L-04_11052021,L-04,2021-05-11,35.6,20,23,34.4,25.8,27.25,22.6,24.6,23.2,23.4,20.361446,18.294526,20.022463,19.559478,97,45,80,74,0,0,14,0,,,,,,,,,,C ,E ,,,0,1,,,3,2,,,0.7,30.0,0.1,0,0,1,"1","2",,,,,,,,,,,,,,,,,,,,,L-0420215,15.6,1
L-04_12052021,L-04,2021-05-12,34,18.6,21.8,33,25.8,26.6,21.6,25.4,23.4,23.45,19.245745,20.527394,20.381544,20.051561,98,54,82,78,0,0,5.2,14,,,,,,,,,,C ,NW,C ,C ,0,1,0,0.3,3,5,6,4.6,0.3,25.0,0.1,1,0,1,"2","2",,,,,,,,,,,,,,,,,,,,,L-0420215,15.4,1
L-04_13052021,L-04,2021-05-13,34.5,19,22,32.6,26.2,26.75,21.8,25.2,23.8,23.65,19.483729,20.339746,20.907963,20.243812,98,55,82,78,0,0,0,5.2,,,,,,,,,,C ,NE,W ,NE,0,1,2,1.0,4,3,4,3.6,0.4,30.0,1.0,1,0,0,"2","1",,,,,,,,,,,,,,,,,,,,,L-0420215,15.5,1
L-04_14052021,L-04,2021-05-14,33.6,18.5,21.6,32.4,27.8,27.4,20.8,24.6,24,23.35,18.018906,19.294526,20.475351,19.262927,93,53,73,73,0,0,0.3,0,,,,,,,,,,C ,NE,NE,NE,0,1,1,0.6,3,3,2,2.6,1.0,30.0,1.0,1,0,0,"2",.,,,,,,,,,,,,,,,,,,,,,L-0420215,15.1,1
L-04_22052021,L-04,2021-05-22,33.4,18.5,22.2,32.4,24.8,26.05,22,25,22.8,23.15,19.724268,20.05507,19.812438,19.863925,98,55,84,79,0,0,35.9,0.6,,,,,,,,,,C ,NE,NW,NE,0,1,1,0.6,6,6,10,7.3,2.0,30.0,0.1,1,0,1,"2","2",,,,,,,,,,,,,,,,,,,,,L-0420215,14.9,1
L-04_23052021,L-04,2021-05-23,33.6,19.5,22.2,32.8,25.4,26.45,22.2,24.8,23,23.25,20.067385,19.473338,19.866102,19.802275,100,52,82,78,8.8,0,2.4,44.7,,,,,,,,,,C ,NE,S ,NE,0,1,1,0.6,8,5,7,6.6,0.3,30.0,0.1,1,0,1,"2","2",,,,,,,,,,,,,,,,,,,,,L-0420215,14.1,1
L-04_24052021,L-04,2021-05-24,33.5,19,22.4,32.2,25.8,26.55,22.2,24.6,23.2,23.3,19.967385,19.394526,20.022463,19.794791,98,54,80,77,0.2,0,0.1,2.6,19:00:00,,,,,,,,,NW,N ,NW,NW,1,1,1,1.0,2,4,6,4.0,1.0,30.0,0.1,1,0,1,"2","2",,,,,,,,,,,,,,,,,,,,,L-0420215,14.5,1
L-04_25052021,L-04,2021-05-25,34.2,19,22.4,33,25.2,26.45,22.2,25.2,23.2,23.45,19.967385,20.139746,20.322463,20.143198,98,53,85,79,1.6,0,20.5,1.7,,,,,,,,,,W ,NE,C ,W ,1,1,0,0.6,7,3,,,0.4,30.0,0.1,1,0,1,"2","2",,,,,,,,,,,,,,,,,,,,,L-0420215,15.2,1
L-04_28052021,L-04,2021-05-28,33.5,18.8,22,32.8,27.8,27.6,21.8,25,24.8,24.1,19.483729,19.85507,21.973338,20.437379,98,53,78,76,0,0,0,0,,,,,,,,,,W ,N ,W ,W ,1,1,1,1.0,3,6,6,5.0,0.5,30.0,1.0,1,0,0,"1",.,,,,,,,,,,,,,,,,,,,,,L-0420215,14.7,1
L-04_29052021,L-04,2021-05-29,33.2,19.5,22.6,32.4,26.8,27.15,22.2,25.4,24,23.9,19.867385,20.827394,20.975351,20.55671,97,57,79,78,0,0,0,0,,,,,,,,,,C ,SW,W ,SW,0,2,1,1.0,4,4,5,4.3,1.0,30.0,1.0,1,0,0,"1",.,,,,,,,,,,,,,,,,,,,,,L-0420215,13.7,1
L-04_30052021,L-04,2021-05-30,32.6,18.4,21.6,32,27.4,27.1,21.4,24.8,24.4,23.75,19.010294,19.873338,21.418608,20.100746,98,56,78,77,8.4,0,0,8.4,,,,,,,,,,W ,N ,SW,W ,1,1,1,1.0,5,5,6,5.3,,30.0,1.0,1,0,0,"2",.,,,,,,,,,,,,,,,,,,,,,L-0420215,14.2,1
L-04_31052021,L-04,2021-05-31,33,19.5,22.2,31.4,25.4,26.1,22,24.8,23,23.2,19.724268,20.173338,19.866102,19.921236,98,59,82,80,3.9,0,0,3.9,20:30:00,,,,,,,,,W ,NE,NE,NE,1,1,3,1.6,9,4,6,6.3,0.2,30.0,1.0,1,0,0,"2",.,,,,,,,,,,,,,,,,,,,,,L-0420215,13.5,1
L-04_26052021,L-04,2021-05-26,34,18.4,22,32.8,27.4,27.4,21.8,25.6,24.4,24.05,19.483729,21.018038,21.418608,20.640125,98,56,78,77,37.3,0,0,57.8,,,,,,,,,,NW,N ,NE,NW,1,1,2,1.3,5,6,7,6.0,0.5,30.0,0.8,1,0,0,"2",.,,,,,,,,,,,,,,,,,,,,,L-0420215,15.6,1
L-04_27052021,L-04,2021-05-27,33.5,18.6,22,31.2,26.8,26.7,21.6,24,24,23.4,19.145745,18.775351,20.975351,19.632149,97,55,79,77,1.2,0,0,1.2,,,,,,,,,,C ,NE,C ,C ,0,1,0,0.3,5,4,7,5.3,0.7,30.0,1.0,1,0,0,"2",.,,,,,,,,,,,,,,,,,,,,,L-0420215,14.9,1
L-04_01062021,L-04,2021-06-01,33,18.8,22,31.4,26.8,26.75,22,24.6,24.4,23.85,19.824268,19.794526,21.718608,20.4458,100,57,82,80,13.2,0,1.8,13.2,22:10:00,,,,,,,,,C ,N ,N ,C ,0,1,1,0.6,4,3,8,5.0,0.5,30.0,0.1,1,0,1,"2","1",,,,,,,,,,,,,,,,,,,,,L-0420216,14.2,1
L-04_11062021,L-04,2021-06-11,30.5,19,22.4,25.2,23.2,23.5,22.2,24.2,20.6,21.9,19.967385,22.145558,16.893357,19.668766,98,92,79,90,0,1.3,0,0,,,,,,,,,,SW,S ,SW,SW,1,1,1,1.0,6,9,5,6.6,0.6,0.7,1.0,1,1,1,"1",,,,,,,,,,,,,,,,,,,,,,L-0420216,11.5,
L-04_02062021,L-04,2021-06-02,33,19,22.2,32,27.8,27.45,22,24.2,24.8,23.95,19.724268,18.745558,21.973338,20.147721,98,53,78,76,3.6,0,0,5.4,,,,,,,,,,W ,N ,,,1,1,,,5,5,,,0.2,30.0,1.0,1,0,0,"2",.,,,,,,,,,,,,,,,,,,,,,L-0420216,14,1
L-04_03062021,L-04,2021-06-03,32.2,23,30.8,26.8,22,25.4,22,25.4,22,22.85,15.424268,23.627394,19.824268,19.62531,46,89,100,78,0,0,0,0,,,,,,,,,,C ,SW,W ,C ,0,1,1,0.6,5,7,6,6.0,5.0,30.0,1.0,0,0,0,"1",.,,,,,,,,,,,,,,,,,,,,,L-0420216,9.2,1
L-04_04062021,L-04,2021-06-04,34.6,20.5,23.8,32,27.8,27.85,23.4,25.4,25,24.7,21.381544,21.027394,22.35507,21.588002,97,59,80,79,1,0,0,1,,,,,,,,,,W ,NW,W ,W ,1,1,1,1.0,6,7,7,6.6,0.4,30.0,1.0,1,0,0,"1",.,,,,,,,,,,,,,,,,,,,,,L-0420216,14.1,1
L-04_05062021,L-04,2021-06-05,34.6,20.6,23.6,32.8,27.8,28,23.2,26,24.8,24.7,21.122463,21.808422,21.973338,21.634741,97,58,78,78,0,0,0,0,,,,,01:10:00,,,,,SW,NE,W ,SW,1,1,3,1.6,4,2,6,4.0,1.0,30.0,1.0,0,0,0,"1",.,,,,,,,,,,,,,,,,,,,,,L-0420216,14,1
L-04_06062021,L-04,2021-06-06,33.8,19.5,23,32.6,26.8,27.3,22.6,25.4,24.4,24.2,20.361446,20.727394,21.718608,20.935816,97,56,82,78,35.6,0,12.8,35.6,,,,,,,,,,C ,W ,W ,C ,0,1,1,0.6,8,4,6,6.0,0.4,30.0,0.2,1,0,1,"2","1",,,,,,,,,,,,,,,,,,,,,L-0420216,14.3,1
L-04_07062021,L-04,2021-06-07,33.5,17.6,21.4,32.2,24.8,25.8,21.4,25.2,22,22.65,19.110294,20.539746,18.424268,19.358102,100,57,78,78,26.5,0,0,39.3,,,,,,,,,,NW,SW,S ,NW,1,1,2,1.3,1,5,4,3.3,5.0,0.5,30.0,1,0,0,"2",.,,,,,,,,,,,,,,,,,,,,,L-0420216,15.9,1
L-04_08062021,L-04,2021-06-08,32.5,17.5,20.8,25.4,24,23.55,20.8,25.4,24,23.55,18.418906,24.327394,22.375351,21.707217,100,100,100,100,34.2,0,4.4,34.2,,,,,,,,,,C ,SW,N ,C ,0,2,2,1.3,4,8,9,7.0,0.5,20.0,0.1,1,0,1,"2","2",,,,,,,,,,,,,,,,,,,,,L-0420216,15,1
L-04_09062021,L-04,2021-06-09,31.2,17.6,21.2,28.2,23.8,24.25,21,24,21.2,21.85,18.546897,20.275351,17.577352,18.799866,98,71,80,83,4.4,0,0,8.8,,,,,,,,,,C ,NE,N ,C ,0,1,1,0.6,7,4,6,5.6,0.6,30.0,1.0,1,0,0,"2",.,,,,,,,,,,,,,,,,,,,,,L-0420216,13.6,1
L-04_10062021,L-04,2021-06-10,29.5,17.5,21,28.2,22.8,23.7,20.8,24.4,20.4,21.5,18.318906,21.018608,16.770229,18.702581,98,73,81,84,19.4,0,0,19.4,,,,,,,,,,SW,N ,C ,SW,1,1,0,0.6,6,8,6,6.6,0.3,25.0,1.0,1,0,0,"2",.,,,,,,,,,,,,,,,,,,,,,L-0420216,12,1
L-04_12062021,L-04,2021-06-12,29.5,19.2,22.2,26.2,22.8,23.5,22,24.8,20.6,22,19.724268,22.773338,17.093357,19.863654,98,89,82,90,0,0.8,0,1.3,,,,,,,,,,C ,NW,N ,C ,0,1,1,0.6,5,9,7,7.0,0.6,0.7,1.0,1,1,0,"1",.,,,,,,,,,,,,,,,,,,,,,L-0420216,10.3,1
L-04_15062021,L-04,2021-06-15,29.6,19.4,22.2,24.2,21.8,22.5,22,22.8,19.4,20.9,19.724268,20.112438,15.69012,18.508942,98,89,80,89,0.5,7.2,6,7.8,,,,,,,,,,NW,S ,C ,NW,1,1,0,0.6,9,10,5,8.0,0.2,0.4,0.2,1,1,1,"2","2",,,,,,,,,,,,,,,,,,,,,L-0420216,10.2,1
L-04_16062021,L-04,2021-06-16,27,19,22.2,25.8,22.4,23.2,22.2,24,20,21.55,20.067385,21.475351,16.331143,19.291293,100,86,80,89,1.3,1.2,0,14.5,,,,,,,,,,C ,NE,C ,C ,0,1,0,0.3,10,7,6,7.6,0.1,15.0,4.0,1,1,1,"2","1",,,,,,,,,,,,,,,,,,,,,L-0420216,8,1
L-04_26062021,L-04,2021-06-26,31.2,17.5,20.4,31.2,22.8,24.3,20.2,25.2,20.4,21.55,17.649498,21.039746,16.770229,18.486491,98,62,81,80,34.5,0,0,34.5,,,,,,,,,,SW,NE,W ,SW,1,1,2,1.3,8,3,2,4.3,0.3,30.0,1.0,1,0,0,"2",.,,,,,,,,,,,,,,,,,,,,,L-0420216,13.7,1
L-04_17062021,L-04,2021-06-17,30.5,19.5,22.2,28.2,23.4,24.3,22.2,25.2,21,22.35,20.067385,22.539746,17.446897,20.018009,100,79,81,87,0,0.2,0,1.2,,,,,,,,,,NW,N ,W ,NW,1,1,1,1.0,6,5,7,6.0,0.4,25.0,1.0,1,0,0,"2",.,,,,,,,,,,,,,,,,,,,,,L-0420216,11,1
L-04_18062021,L-04,2021-06-18,31,20,22.6,29.8,23.8,25,22.4,26,21.4,22.8,20.213103,23.308422,17.910294,20.477273,98,74,81,84,0,0,0.9,0.2,,,,,,,,,,C ,W ,SW,C ,0,10,1,3.6,7,7,7,7.0,0.5,20.0,,1,0,1,"1","1",,,,,,,,,,,,,,,,,,,,,L-0420216,11,1
L-04_19062021,L-04,2021-06-19,32,18.5,21.6,30.6,24.4,25.25,21.4,26.4,21.8,22.85,19.010294,23.711109,18.283729,20.335044,98,72,80,83,0.4,0,0,1.3,,,,,,,,,,W ,NW,W ,W ,1,1,1,1.0,2,5,7,4.6,6.0,2.0,30.0,1,1,0,"0","2",,,,,,,,,,,,,,,,,,,,,L-0420216,13.5,1
L-04_20062021,L-04,2021-06-20,33.6,19.5,22.2,32.6,23.8,25.6,21.8,26.4,21.4,22.75,19.383729,22.711109,17.910294,20.00171,97,62,81,80,3.9,0,7,3.9,,,,,,,,,,W ,SW,W ,W ,1,1,1,1.0,6,8,8,7.3,1.0,20.0,0.6,1,0,1,"2","2",,,,,,,,,,,,,,,,,,,,,L-0420216,14.1,1
L-04_21062021,L-04,2021-06-21,33,18.5,21.6,31.2,24.8,25.6,21.4,25,22,22.6,19.010294,20.65507,18.424268,19.36321,98,61,78,79,1.9,0,0.2,8.9,,,,,,,,,,SW,N ,SW,SW,1,1,1,1.0,6,1,7,4.6,0.4,30.0,0.5,1,0,1,"2","1",,,,,,,,,,,,,,,,,,,,,L-0420216,14.5,1
L-04_22062021,L-04,2021-06-22,30.5,17.6,20.8,29.4,23.8,24.45,20.8,24.4,20.6,21.6,18.418906,20.418608,16.593357,18.476957,100,66,75,80,10.2,0,0,10.4,,,,,,,,,,N ,NE,SW,N ,1,1,1,1.0,7,7,4,6.0,0.6,30.0,1.0,1,0,0,"2",.,,,,,,,,,,,,,,,,,,,,,L-0420216,12.9,1
L-04_23062021,L-04,2021-06-23,28.8,19.5,22.2,27.2,19.8,22.25,22,24.2,17.6,20.35,19.724268,21.145558,13.988502,18.286109,98,78,81,86,13.2,5.7,14.6,13.2,,,,,,,,,,C ,S ,N ,C ,0,1,1,0.6,10,7,10,9.0,0.1,20.0,0.1,1,1,1,"2","2",,,,,,,,,,,,,,,,,,,,,L-0420216,9.3,1
L-04_24062021,L-04,2021-06-24,32.4,17.5,21,31.4,20.8,23.5,21,25.6,18.6,20.95,18.646897,21.718038,14.967394,18.444109,100,63,81,81,5.3,0,4.4,25.6,,,,,,,,,,C ,NE,S ,C ,0,1,1,0.6,5,3,9,5.6,0.4,30.0,0.1,1,0,1,"2","2",,,,,,,,,,,,,,,,,,,,,L-0420216,14.9,1
L-04_25062021,L-04,2021-06-25,32,17,20.2,31,23.4,24.5,20,25,20.8,21.65,17.431143,20.75507,17.118906,18.435039,98,62,79,80,1.2,0,0,5.6,,,,,,,,,,C ,N ,W ,C ,0,1,1,0.6,6,4,7,5.6,0.3,30.0,1.0,1,0,0,"2",.,,,,,,,,,,,,,,,,,,,,,L-0420216,15,1
L-04_27062021,L-04,2021-06-27,29.6,17.2,20.8,29.2,22.8,23.9,20.6,24.6,20.4,21.5,18.093357,20.894526,16.770229,18.586037,98,69,81,83,10.1,0,0,10.1,,,,,,,,,,NW,N ,W ,NW,1,1,1,1.0,7,2,3,4.0,0.6,25.0,1.0,1,0,0,"2",.,,,,,,,,,,,,,,,,,,,,,L-0420216,12.4,1
L-04_28062021,L-04,2021-06-28,31.2,18,20.8,29.2,22.8,23.9,20.6,24,20.8,21.55,18.093357,19.775351,17.418906,18.429204,98,65,84,82,0.6,0,0.3,0.6,,,,,,,,,,C ,NW,W ,C ,0,1,1,0.6,7,5,4,5.3,0.5,30.0,1.0,1,0,0,"1",.,,,,,,,,,,,,,,,,,,,,,L-0420216,13.2,1
L-04_13062021,L-04,2021-06-13,32,18.8,21.8,30.6,21.8,24,21.8,23.8,21.8,22.3,19.583729,18.707963,19.583729,19.291807,100,57,100,86,0,0,6.5,0.8,,,,,,,,,,W ,S ,NW,W ,1,1,1,1.0,10,6,10,8.6,0.2,25.0,0.1,1,1,1,"2","2",,,,,,,,,,,,,,,,,,,,,L-0420216,13.2,1
L-04_14062021,L-04,2021-06-14,30.6,19.5,22.2,25.8,21.8,22.9,21.8,24.2,19.4,21.2,19.383729,21.845558,15.69012,18.973135,97,88,80,88,7.4,1.3,6,13.9,,,,,,,,,,NW,SW,W ,NW,1,1,1,1.0,8,6,6,6.6,0.4,20.0,0.4,1,1,1,"2","2",,,,,,,,,,,,,,,,,,,,,L-0420216,11.1,1
L-04_29062021,L-04,2021-06-29,29.5,18.4,22,24.2,22.2,22.65,21.6,22.8,20,21.1,19.145745,20.112438,16.431143,18.563108,97,89,82,89,0,0.6,0,0.3,,,,,,,,,,NW,SW,C ,NW,1,1,0,0.6,6,9,2,5.6,0.4,20.0,1.0,0,1,0,"1",.,,,,,,,,,,,,,,,,,,,,,L-0420216,11.1,1
L-04_30062021,L-04,2021-06-30,32.5,18,21,31,21.8,23.9,21,24,19.8,21.15,18.646897,18.875351,16.315143,17.945797,100,56,83,80,0.1,0,0.3,0.7,,,,,,,,,,NW,NE,N ,NW,1,1,1,1.0,5,5,5,5.0,0.3,30.0,1.0,1,0,0,"2",.,,,,,,,,,,,,,,,,,,,,,L-0420216,14.5,1
